index_a,index_b
670_a,517_b
670_a,625_b
670_a,691_b
670_a,950_b
3392_a,517_b
3392_a,625_b
3392_a,691_b
3392_a,950_b
3743_a,517_b
3743_a,625_b
3743_a,691_b
3743_a,950_b
108_a,201_b
108_a,667_b
108_a,726_b
3357_a,201_b
3357_a,667_b
3357_a,726_b
3611_a,201_b
3611_a,667_b
3611_a,726_b
3775_a,201_b
3775_a,667_b
3775_a,726_b
128_a,309_b
1644_a,144_b
1644_a,458_b
1644_a,659_b
1644_a,727_b
1644_a,78_b
1644_a,689_b
1644_a,820_b
1644_a,285_b
1644_a,313_b
1644_a,404_b
2044_a,144_b
2044_a,458_b
2044_a,659_b
2044_a,727_b
2044_a,78_b
2044_a,689_b
2044_a,820_b
2044_a,285_b
2044_a,313_b
2044_a,404_b
3731_a,144_b
3731_a,458_b
3731_a,659_b
3731_a,727_b
3731_a,78_b
3731_a,689_b
3731_a,820_b
3731_a,285_b
3731_a,313_b
3731_a,404_b
343_a,399_b
343_a,716_b
343_a,937_b
343_a,165_b
343_a,390_b
343_a,832_b
1123_a,399_b
1123_a,716_b
1123_a,937_b
1123_a,165_b
1123_a,390_b
1123_a,832_b
2909_a,399_b
2909_a,716_b
2909_a,937_b
2909_a,165_b
2909_a,390_b
2909_a,832_b
1177_a,462_b
1177_a,734_b
1177_a,8_b
1177_a,94_b
1177_a,923_b
1604_a,462_b
1604_a,734_b
1604_a,8_b
1604_a,94_b
1604_a,923_b
1898_a,462_b
1898_a,734_b
1898_a,8_b
1898_a,94_b
1898_a,923_b
3721_a,565_b
3721_a,875_b
729_a,148_b
729_a,880_b
2664_a,388_b
2887_a,148_b
2887_a,880_b
3128_a,148_b
3128_a,880_b
1136_a,579_b
1136_a,932_b
1272_a,579_b
1272_a,932_b
1441_a,579_b
1441_a,932_b
2865_a,579_b
2865_a,932_b
2272_a,179_b
2272_a,207_b
2272_a,363_b
2272_a,911_b
3071_a,179_b
3071_a,207_b
3071_a,363_b
3071_a,911_b
598_a,369_b
598_a,498_b
598_a,869_b
598_a,248_b
598_a,444_b
598_a,478_b
598_a,750_b
598_a,900_b
598_a,25_b
598_a,133_b
598_a,325_b
2112_a,369_b
2112_a,498_b
2112_a,869_b
2112_a,248_b
2112_a,444_b
2112_a,478_b
2112_a,750_b
2112_a,900_b
2112_a,25_b
2112_a,133_b
2112_a,325_b
3207_a,369_b
3207_a,498_b
3207_a,869_b
3207_a,248_b
3207_a,444_b
3207_a,478_b
3207_a,750_b
3207_a,900_b
3207_a,25_b
3207_a,133_b
3207_a,325_b
3526_a,884_b
3526_a,801_b
3526_a,340_b
3526_a,365_b
750_a,63_b
750_a,488_b
750_a,918_b
1316_a,63_b
1316_a,488_b
1316_a,918_b
1490_a,63_b
1490_a,488_b
1490_a,918_b
1414_a,43_b
1414_a,100_b
1414_a,199_b
1414_a,375_b
1327_a,61_b
1327_a,272_b
1327_a,442_b
2483_a,61_b
2483_a,272_b
2483_a,442_b
3622_a,61_b
3622_a,272_b
3622_a,442_b
1155_a,206_b
1155_a,651_b
1155_a,829_b
1380_a,206_b
1380_a,651_b
1380_a,829_b
2097_a,206_b
2097_a,651_b
2097_a,829_b
1495_a,569_b
1495_a,692_b
1495_a,845_b
2362_a,569_b
2362_a,692_b
2362_a,845_b
3184_a,569_b
3184_a,692_b
3184_a,845_b
3312_a,806_b
1290_a,131_b
1290_a,171_b
1290_a,210_b
1290_a,292_b
2779_a,131_b
2779_a,171_b
2779_a,210_b
2779_a,292_b
2811_a,131_b
2811_a,171_b
2811_a,210_b
2811_a,292_b
415_a,204_b
415_a,258_b
415_a,977_b
415_a,225_b
415_a,411_b
415_a,459_b
2431_a,204_b
2431_a,258_b
2431_a,977_b
2431_a,225_b
2431_a,411_b
2431_a,459_b
3486_a,204_b
3486_a,258_b
3486_a,977_b
3486_a,225_b
3486_a,411_b
3486_a,459_b
861_a,117_b
861_a,512_b
861_a,892_b
861_a,441_b
861_a,587_b
861_a,591_b
1219_a,117_b
1219_a,512_b
1219_a,892_b
1219_a,441_b
1219_a,587_b
1219_a,591_b
2490_a,117_b
2490_a,512_b
2490_a,892_b
2490_a,441_b
2490_a,587_b
2490_a,591_b
1639_a,477_b
1639_a,779_b
1639_a,837_b
2372_a,477_b
2372_a,779_b
2372_a,837_b
3470_a,98_b
3470_a,168_b
3672_a,477_b
3672_a,779_b
3672_a,837_b
1111_a,206_b
1111_a,651_b
1111_a,829_b
2263_a,206_b
2263_a,651_b
2263_a,829_b
3384_a,206_b
3384_a,651_b
3384_a,829_b
321_a,664_b
321_a,958_b
1407_a,507_b
1407_a,752_b
2233_a,664_b
2233_a,958_b
871_a,170_b
871_a,474_b
871_a,499_b
1342_a,170_b
1342_a,474_b
1342_a,499_b
3687_a,170_b
3687_a,474_b
3687_a,499_b
1882_a,719_b
1882_a,833_b
2784_a,719_b
2784_a,833_b
2970_a,143_b
2970_a,385_b
2970_a,528_b
2970_a,338_b
2970_a,532_b
2970_a,960_b
2970_a,486_b
2970_a,554_b
2970_a,777_b
2970_a,908_b
3657_a,143_b
3657_a,385_b
3657_a,528_b
3657_a,338_b
3657_a,532_b
3657_a,960_b
3657_a,486_b
3657_a,554_b
3657_a,777_b
3657_a,908_b
1903_a,114_b
2190_a,114_b
2475_a,513_b
2475_a,901_b
2561_a,114_b
1399_a,232_b
1399_a,781_b
1399_a,308_b
1399_a,448_b
1399_a,776_b
2451_a,232_b
2451_a,781_b
2451_a,308_b
2451_a,448_b
2451_a,776_b
2457_a,232_b
2457_a,781_b
2457_a,308_b
2457_a,448_b
2457_a,776_b
2695_a,232_b
2695_a,781_b
2695_a,308_b
2695_a,448_b
2695_a,776_b
715_a,192_b
796_a,510_b
796_a,745_b
796_a,764_b
1806_a,192_b
1179_a,203_b
1179_a,485_b
1179_a,784_b
1179_a,809_b
1557_a,203_b
1557_a,485_b
1557_a,784_b
1557_a,809_b
140_a,230_b
140_a,552_b
140_a,578_b
140_a,733_b
140_a,914_b
672_a,230_b
672_a,552_b
672_a,578_b
672_a,733_b
672_a,914_b
3211_a,230_b
3211_a,552_b
3211_a,578_b
3211_a,733_b
3211_a,914_b
356_a,534_b
356_a,593_b
356_a,844_b
814_a,534_b
814_a,593_b
814_a,844_b
3615_a,534_b
3615_a,593_b
3615_a,844_b
2692_a,457_b
3055_a,457_b
3141_a,457_b
3314_a,457_b
2147_a,302_b
2147_a,370_b
2147_a,437_b
2893_a,134_b
2942_a,302_b
2942_a,370_b
2942_a,437_b
2996_a,134_b
828_a,41_b
828_a,878_b
828_a,942_b
3196_a,457_b
3817_a,457_b
59_a,215_b
59_a,431_b
59_a,522_b
59_a,706_b
623_a,215_b
623_a,431_b
623_a,522_b
623_a,706_b
3263_a,215_b
3263_a,431_b
3263_a,522_b
3263_a,706_b
1183_a,310_b
1183_a,419_b
1183_a,521_b
1183_a,990_b
1996_a,310_b
1996_a,419_b
1996_a,521_b
1996_a,990_b
2191_a,310_b
2191_a,419_b
2191_a,521_b
2191_a,990_b
2271_a,310_b
2271_a,419_b
2271_a,521_b
2271_a,990_b
2549_a,127_b
2549_a,537_b
2549_a,903_b
2778_a,127_b
2778_a,537_b
2778_a,903_b
2926_a,127_b
2926_a,537_b
2926_a,903_b
3101_a,127_b
3101_a,537_b
3101_a,903_b
2732_a,46_b
2732_a,525_b
2732_a,703_b
2732_a,927_b
129_a,230_b
129_a,552_b
129_a,578_b
129_a,733_b
129_a,914_b
1680_a,230_b
1680_a,552_b
1680_a,578_b
1680_a,733_b
1680_a,914_b
3180_a,230_b
3180_a,552_b
3180_a,578_b
3180_a,733_b
3180_a,914_b
629_a,579_b
629_a,932_b
986_a,579_b
986_a,932_b
1636_a,579_b
1636_a,932_b
3442_a,445_b
1337_a,14_b
1337_a,219_b
1337_a,61_b
1337_a,272_b
1337_a,442_b
1705_a,818_b
1705_a,904_b
2575_a,14_b
2575_a,219_b
2575_a,61_b
2575_a,272_b
2575_a,442_b
2976_a,14_b
2976_a,219_b
2976_a,61_b
2976_a,272_b
2976_a,442_b
1665_a,156_b
1665_a,197_b
1665_a,421_b
2354_a,156_b
2354_a,197_b
2354_a,421_b
2580_a,156_b
2580_a,197_b
2580_a,421_b
3293_a,156_b
3293_a,197_b
3293_a,421_b
3144_a,116_b
3144_a,125_b
3144_a,455_b
3586_a,285_b
3586_a,313_b
3586_a,404_b
3779_a,285_b
3779_a,313_b
3779_a,404_b
424_a,320_b
424_a,827_b
424_a,104_b
919_a,356_b
919_a,453_b
919_a,447_b
919_a,454_b
919_a,861_b
2015_a,356_b
2015_a,453_b
2015_a,447_b
2015_a,454_b
2015_a,861_b
2972_a,356_b
2972_a,453_b
2972_a,447_b
2972_a,454_b
2972_a,861_b
276_a,109_b
276_a,492_b
276_a,949_b
276_a,36_b
276_a,515_b
276_a,788_b
276_a,815_b
276_a,378_b
276_a,617_b
276_a,61_b
276_a,272_b
276_a,442_b
2276_a,109_b
2276_a,492_b
2276_a,949_b
2276_a,36_b
2276_a,515_b
2276_a,788_b
2276_a,815_b
2276_a,378_b
2276_a,617_b
2276_a,61_b
2276_a,272_b
2276_a,442_b
3351_a,109_b
3351_a,492_b
3351_a,949_b
3351_a,36_b
3351_a,515_b
3351_a,788_b
3351_a,815_b
3351_a,378_b
3351_a,617_b
3351_a,61_b
3351_a,272_b
3351_a,442_b
185_a,383_b
185_a,468_b
185_a,757_b
185_a,814_b
1579_a,383_b
1579_a,468_b
1579_a,757_b
1579_a,814_b
1871_a,383_b
1871_a,468_b
1871_a,757_b
1871_a,814_b
856_a,289_b
1928_a,108_b
1928_a,504_b
1928_a,693_b
2583_a,108_b
2583_a,504_b
2583_a,693_b
3496_a,289_b
1730_a,127_b
1730_a,537_b
1730_a,903_b
2861_a,813_b
3530_a,813_b
3554_a,127_b
3554_a,537_b
3554_a,903_b
772_a,178_b
772_a,351_b
772_a,408_b
772_a,966_b
772_a,389_b
2350_a,77_b
2350_a,212_b
3379_a,178_b
3379_a,351_b
3379_a,408_b
3379_a,966_b
3379_a,389_b
1031_a,198_b
1031_a,636_b
1031_a,835_b
1031_a,95_b
1031_a,295_b
1031_a,353_b
1045_a,575_b
1045_a,871_b
1553_a,198_b
1553_a,636_b
1553_a,835_b
1553_a,95_b
1553_a,295_b
1553_a,353_b
1737_a,198_b
1737_a,636_b
1737_a,835_b
1737_a,95_b
1737_a,295_b
1737_a,353_b
692_a,220_b
692_a,964_b
1532_a,96_b
1532_a,398_b
2143_a,220_b
2143_a,964_b
2163_a,220_b
2163_a,964_b
1895_a,287_b
1895_a,631_b
1895_a,838_b
1927_a,287_b
1927_a,631_b
1927_a,838_b
3651_a,287_b
3651_a,631_b
3651_a,838_b
3790_a,913_b
153_a,293_b
2679_a,90_b
2679_a,311_b
2679_a,360_b
2679_a,736_b
2679_a,166_b
2679_a,174_b
2679_a,571_b
2816_a,90_b
2816_a,311_b
2816_a,360_b
2816_a,736_b
2816_a,166_b
2816_a,174_b
2816_a,571_b
3156_a,90_b
3156_a,311_b
3156_a,360_b
3156_a,736_b
3156_a,166_b
3156_a,174_b
3156_a,571_b
218_a,260_b
218_a,345_b
218_a,945_b
218_a,857_b
1047_a,260_b
1047_a,345_b
1047_a,945_b
1047_a,857_b
1991_a,650_b
1991_a,895_b
1991_a,221_b
1991_a,236_b
1991_a,425_b
1991_a,926_b
2648_a,650_b
2648_a,895_b
2648_a,221_b
2648_a,236_b
2648_a,425_b
2648_a,926_b
456_a,352_b
456_a,608_b
456_a,925_b
460_a,352_b
460_a,608_b
460_a,925_b
727_a,718_b
943_a,50_b
943_a,414_b
943_a,704_b
1524_a,718_b
2604_a,718_b
602_a,230_b
602_a,552_b
602_a,578_b
602_a,733_b
602_a,914_b
602_a,352_b
602_a,608_b
602_a,925_b
1790_a,230_b
1790_a,552_b
1790_a,578_b
1790_a,733_b
1790_a,914_b
1790_a,352_b
1790_a,608_b
1790_a,925_b
3022_a,230_b
3022_a,552_b
3022_a,578_b
3022_a,733_b
3022_a,914_b
3022_a,352_b
3022_a,608_b
3022_a,925_b
3145_a,230_b
3145_a,552_b
3145_a,578_b
3145_a,733_b
3145_a,914_b
3145_a,352_b
3145_a,608_b
3145_a,925_b
628_a,214_b
628_a,882_b
1617_a,214_b
1617_a,882_b
2588_a,214_b
2588_a,882_b
52_a,209_b
52_a,789_b
2643_a,603_b
2697_a,209_b
2697_a,789_b
3834_a,603_b
1361_a,30_b
1361_a,341_b
1361_a,941_b
1541_a,190_b
3456_a,30_b
3456_a,341_b
3456_a,941_b
3557_a,30_b
3557_a,341_b
3557_a,941_b
366_a,308_b
366_a,448_b
366_a,776_b
1978_a,308_b
1978_a,448_b
1978_a,776_b
421_a,697_b
421_a,714_b
421_a,839_b
421_a,413_b
1738_a,697_b
1738_a,714_b
1738_a,839_b
1738_a,413_b
3403_a,697_b
3403_a,714_b
3403_a,839_b
3403_a,413_b
204_a,90_b
204_a,311_b
204_a,360_b
204_a,736_b
2392_a,90_b
2392_a,311_b
2392_a,360_b
2392_a,736_b
2529_a,90_b
2529_a,311_b
2529_a,360_b
2529_a,736_b
3029_a,90_b
3029_a,311_b
3029_a,360_b
3029_a,736_b
58_a,71_b
58_a,151_b
70_a,275_b
70_a,480_b
70_a,826_b
3272_a,275_b
3272_a,480_b
3272_a,826_b
3855_a,275_b
3855_a,480_b
3855_a,826_b
1224_a,622_b
1224_a,834_b
1224_a,928_b
2087_a,622_b
2087_a,834_b
2087_a,928_b
3087_a,622_b
3087_a,834_b
3087_a,928_b
3361_a,622_b
3361_a,834_b
3361_a,928_b
539_a,15_b
539_a,574_b
1328_a,409_b
1328_a,475_b
2349_a,15_b
2349_a,574_b
3245_a,15_b
3245_a,574_b
575_a,482_b
575_a,794_b
964_a,482_b
964_a,794_b
2274_a,502_b
2274_a,506_b
2860_a,502_b
2860_a,506_b
2149_a,857_b
2275_a,221_b
2275_a,236_b
2275_a,425_b
2275_a,926_b
2304_a,857_b
3398_a,857_b
1598_a,994_b
1788_a,994_b
2383_a,994_b
206_a,297_b
206_a,473_b
206_a,790_b
564_a,297_b
564_a,473_b
564_a,790_b
1024_a,297_b
1024_a,473_b
1024_a,790_b
3594_a,297_b
3594_a,473_b
3594_a,790_b
1349_a,148_b
1349_a,880_b
1507_a,148_b
1507_a,880_b
1745_a,148_b
1745_a,880_b
2121_a,148_b
2121_a,880_b
656_a,327_b
656_a,433_b
656_a,690_b
656_a,993_b
1080_a,327_b
1080_a,433_b
1080_a,690_b
1080_a,993_b
67_a,201_b
67_a,667_b
67_a,726_b
235_a,201_b
235_a,667_b
235_a,726_b
1661_a,201_b
1661_a,667_b
1661_a,726_b
301_a,241_b
301_a,189_b
301_a,531_b
2743_a,53_b
2743_a,304_b
2743_a,339_b
2743_a,93_b
2743_a,592_b
2773_a,53_b
2773_a,304_b
2773_a,339_b
2773_a,93_b
2773_a,592_b
3308_a,53_b
3308_a,304_b
3308_a,339_b
3308_a,93_b
3308_a,592_b
3498_a,53_b
3498_a,304_b
3498_a,339_b
3498_a,93_b
3498_a,592_b
1217_a,70_b
1217_a,87_b
1759_a,511_b
2401_a,70_b
2401_a,87_b
2341_a,718_b
2672_a,718_b
2690_a,50_b
2690_a,414_b
2690_a,704_b
2770_a,718_b
208_a,527_b
208_a,751_b
208_a,995_b
3079_a,527_b
3079_a,751_b
3079_a,995_b
3428_a,186_b
3428_a,544_b
619_a,195_b
619_a,426_b
1191_a,644_b
1191_a,865_b
1354_a,195_b
1354_a,426_b
1785_a,195_b
1785_a,426_b
274_a,91_b
899_a,91_b
1527_a,91_b
3033_a,91_b
3636_a,110_b
3636_a,252_b
3636_a,649_b
3636_a,873_b
842_a,780_b
872_a,780_b
1081_a,780_b
1442_a,780_b
1805_a,644_b
1805_a,865_b
2213_a,644_b
2213_a,865_b
2259_a,644_b
2259_a,865_b
2691_a,644_b
2691_a,865_b
286_a,523_b
286_a,627_b
286_a,705_b
641_a,523_b
641_a,627_b
641_a,705_b
1287_a,523_b
1287_a,627_b
1287_a,705_b
3332_a,523_b
3332_a,627_b
3332_a,705_b
1381_a,56_b
1381_a,86_b
3056_a,239_b
3422_a,239_b
145_a,213_b
145_a,783_b
145_a,915_b
339_a,213_b
339_a,783_b
339_a,915_b
1256_a,496_b
3547_a,213_b
3547_a,783_b
3547_a,915_b
1343_a,320_b
1343_a,827_b
1778_a,356_b
1778_a,453_b
1778_a,397_b
1778_a,684_b
1778_a,963_b
2014_a,356_b
2014_a,453_b
2014_a,397_b
2014_a,684_b
2014_a,963_b
2783_a,320_b
2783_a,827_b
439_a,232_b
439_a,781_b
439_a,308_b
439_a,448_b
439_a,776_b
439_a,427_b
439_a,803_b
439_a,991_b
439_a,687_b
439_a,979_b
999_a,232_b
999_a,781_b
999_a,308_b
999_a,448_b
999_a,776_b
999_a,427_b
999_a,803_b
999_a,991_b
999_a,687_b
999_a,979_b
1463_a,232_b
1463_a,781_b
1463_a,308_b
1463_a,448_b
1463_a,776_b
1463_a,427_b
1463_a,803_b
1463_a,991_b
1463_a,687_b
1463_a,979_b
1886_a,232_b
1886_a,781_b
1886_a,308_b
1886_a,448_b
1886_a,776_b
1886_a,427_b
1886_a,803_b
1886_a,991_b
1886_a,687_b
1886_a,979_b
198_a,36_b
198_a,515_b
198_a,788_b
198_a,815_b
725_a,155_b
2601_a,36_b
2601_a,515_b
2601_a,788_b
2601_a,815_b
3772_a,155_b
116_a,255_b
116_a,655_b
116_a,670_b
116_a,855_b
116_a,919_b
116_a,132_b
116_a,545_b
116_a,756_b
116_a,793_b
313_a,255_b
313_a,655_b
313_a,670_b
313_a,855_b
313_a,919_b
313_a,132_b
313_a,545_b
313_a,756_b
313_a,793_b
2228_a,255_b
2228_a,655_b
2228_a,670_b
2228_a,855_b
2228_a,919_b
2228_a,132_b
2228_a,545_b
2228_a,756_b
2228_a,793_b
505_a,534_b
505_a,593_b
505_a,844_b
505_a,342_b
505_a,715_b
505_a,529_b
1479_a,534_b
1479_a,593_b
1479_a,844_b
1479_a,342_b
1479_a,715_b
1479_a,529_b
1545_a,534_b
1545_a,593_b
1545_a,844_b
1545_a,342_b
1545_a,715_b
1545_a,529_b
1583_a,534_b
1583_a,593_b
1583_a,844_b
1583_a,342_b
1583_a,715_b
1583_a,529_b
2009_a,206_b
2009_a,651_b
2009_a,829_b
2925_a,206_b
2925_a,651_b
2925_a,829_b
1865_a,409_b
1865_a,475_b
3213_a,409_b
3213_a,475_b
3546_a,409_b
3546_a,475_b
191_a,101_b
191_a,785_b
330_a,12_b
330_a,530_b
783_a,101_b
783_a,785_b
2798_a,101_b
2798_a,785_b
1241_a,450_b
1241_a,501_b
1241_a,754_b
2132_a,450_b
2132_a,501_b
2132_a,754_b
2331_a,450_b
2331_a,501_b
2331_a,754_b
2382_a,753_b
1823_a,361_b
1823_a,410_b
1823_a,443_b
1823_a,852_b
2408_a,361_b
2408_a,410_b
2408_a,443_b
2408_a,852_b
2836_a,361_b
2836_a,410_b
2836_a,443_b
2836_a,852_b
296_a,884_b
296_a,340_b
296_a,365_b
1744_a,884_b
1744_a,340_b
1744_a,365_b
1783_a,884_b
1783_a,340_b
1783_a,365_b
3169_a,884_b
3169_a,340_b
3169_a,365_b
925_a,664_b
925_a,958_b
925_a,208_b
925_a,597_b
925_a,755_b
2020_a,664_b
2020_a,958_b
2020_a,208_b
2020_a,597_b
2020_a,755_b
2990_a,664_b
2990_a,958_b
2990_a,208_b
2990_a,597_b
2990_a,755_b
3168_a,664_b
3168_a,958_b
3168_a,208_b
3168_a,597_b
3168_a,755_b
94_a,206_b
94_a,651_b
94_a,829_b
954_a,206_b
954_a,651_b
954_a,829_b
1212_a,206_b
1212_a,651_b
1212_a,829_b
2713_a,206_b
2713_a,651_b
2713_a,829_b
1538_a,37_b
1538_a,620_b
1538_a,860_b
1977_a,37_b
1977_a,620_b
1977_a,860_b
2884_a,37_b
2884_a,620_b
2884_a,860_b
1492_a,14_b
1492_a,219_b
2585_a,14_b
2585_a,219_b
2760_a,818_b
2760_a,904_b
398_a,994_b
1467_a,130_b
1467_a,270_b
1467_a,536_b
1627_a,994_b
3383_a,994_b
271_a,25_b
271_a,133_b
271_a,325_b
1425_a,25_b
1425_a,133_b
1425_a,325_b
3243_a,25_b
3243_a,133_b
3243_a,325_b
3679_a,25_b
3679_a,133_b
3679_a,325_b
1087_a,275_b
1087_a,480_b
1087_a,826_b
1101_a,275_b
1101_a,480_b
1101_a,826_b
3444_a,275_b
3444_a,480_b
3444_a,826_b
3465_a,275_b
3465_a,480_b
3465_a,826_b
3573_a,71_b
3573_a,151_b
910_a,101_b
910_a,785_b
910_a,358_b
1176_a,185_b
1176_a,216_b
1176_a,251_b
1176_a,686_b
1176_a,864_b
1176_a,12_b
1176_a,530_b
1176_a,19_b
1176_a,500_b
1176_a,749_b
1176_a,2_b
1176_a,376_b
1176_a,786_b
2675_a,185_b
2675_a,216_b
2675_a,251_b
2675_a,686_b
2675_a,864_b
2675_a,12_b
2675_a,530_b
2675_a,19_b
2675_a,500_b
2675_a,749_b
2675_a,2_b
2675_a,376_b
2675_a,786_b
655_a,179_b
655_a,207_b
655_a,363_b
655_a,911_b
2924_a,179_b
2924_a,207_b
2924_a,363_b
2924_a,911_b
3741_a,179_b
3741_a,207_b
3741_a,363_b
3741_a,911_b
3761_a,179_b
3761_a,207_b
3761_a,363_b
3761_a,911_b
2712_a,14_b
2712_a,219_b
2931_a,14_b
2931_a,219_b
3095_a,14_b
3095_a,219_b
3656_a,818_b
3656_a,904_b
3656_a,61_b
3656_a,272_b
3656_a,442_b
2577_a,206_b
2577_a,651_b
2577_a,829_b
2875_a,206_b
2875_a,651_b
2875_a,829_b
3182_a,206_b
3182_a,651_b
3182_a,829_b
1824_a,51_b
1824_a,637_b
1824_a,673_b
1824_a,740_b
2153_a,51_b
2153_a,637_b
2153_a,673_b
2153_a,740_b
2239_a,989_b
3824_a,989_b
306_a,46_b
306_a,525_b
306_a,703_b
306_a,927_b
1520_a,46_b
1520_a,525_b
1520_a,703_b
1520_a,927_b
3171_a,46_b
3171_a,525_b
3171_a,703_b
3171_a,927_b
3454_a,46_b
3454_a,525_b
3454_a,703_b
3454_a,927_b
2091_a,517_b
2091_a,625_b
2091_a,691_b
2091_a,950_b
2328_a,517_b
2328_a,625_b
2328_a,691_b
2328_a,950_b
2983_a,517_b
2983_a,625_b
2983_a,691_b
2983_a,950_b
3839_a,517_b
3839_a,625_b
3839_a,691_b
3839_a,950_b
1126_a,113_b
1126_a,449_b
1126_a,635_b
1126_a,886_b
2632_a,916_b
2967_a,113_b
2967_a,449_b
2967_a,635_b
2967_a,886_b
3407_a,916_b
302_a,215_b
302_a,431_b
302_a,522_b
302_a,706_b
1167_a,215_b
1167_a,431_b
1167_a,522_b
1167_a,706_b
3649_a,215_b
3649_a,431_b
3649_a,522_b
3649_a,706_b
506_a,206_b
506_a,651_b
506_a,829_b
1938_a,206_b
1938_a,651_b
1938_a,829_b
2082_a,206_b
2082_a,651_b
2082_a,829_b
409_a,16_b
409_a,683_b
409_a,767_b
409_a,891_b
409_a,998_b
902_a,16_b
902_a,683_b
902_a,767_b
902_a,891_b
902_a,998_b
1187_a,76_b
1187_a,240_b
1187_a,330_b
1187_a,996_b
1428_a,76_b
1428_a,240_b
1428_a,330_b
1428_a,996_b
1858_a,76_b
1858_a,240_b
1858_a,330_b
1858_a,996_b
2579_a,76_b
2579_a,240_b
2579_a,330_b
2579_a,996_b
1733_a,254_b
1733_a,284_b
2423_a,91_b
2687_a,254_b
2687_a,284_b
3238_a,91_b
1515_a,202_b
1515_a,440_b
1515_a,849_b
1596_a,374_b
2674_a,202_b
2674_a,440_b
2674_a,849_b
3106_a,202_b
3106_a,440_b
3106_a,849_b
278_a,26_b
413_a,26_b
510_a,26_b
1697_a,476_b
1697_a,976_b
577_a,7_b
577_a,22_b
577_a,487_b
1274_a,797_b
1918_a,797_b
2915_a,7_b
2915_a,22_b
2915_a,487_b
1720_a,565_b
1720_a,875_b
1847_a,462_b
1847_a,734_b
1847_a,8_b
1847_a,94_b
1847_a,923_b
2127_a,462_b
2127_a,734_b
2127_a,8_b
2127_a,94_b
2127_a,923_b
2866_a,462_b
2866_a,734_b
2866_a,8_b
2866_a,94_b
2866_a,923_b
717_a,215_b
717_a,431_b
717_a,522_b
717_a,706_b
2487_a,215_b
2487_a,431_b
2487_a,522_b
2487_a,706_b
738_a,175_b
738_a,770_b
2578_a,175_b
2578_a,770_b
3132_a,396_b
3132_a,675_b
3620_a,396_b
3620_a,675_b
500_a,267_b
1033_a,628_b
1033_a,931_b
1916_a,628_b
1916_a,931_b
2481_a,628_b
2481_a,931_b
60_a,253_b
60_a,737_b
1012_a,665_b
2380_a,253_b
2380_a,737_b
2513_a,665_b
79_a,95_b
79_a,295_b
79_a,353_b
1247_a,871_b
1758_a,95_b
1758_a,295_b
1758_a,353_b
3319_a,95_b
3319_a,295_b
3319_a,353_b
928_a,308_b
928_a,448_b
928_a,776_b
1768_a,308_b
1768_a,448_b
1768_a,776_b
2051_a,308_b
2051_a,448_b
2051_a,776_b
2993_a,308_b
2993_a,448_b
2993_a,776_b
642_a,369_b
642_a,498_b
642_a,869_b
642_a,340_b
642_a,365_b
642_a,25_b
642_a,133_b
642_a,325_b
806_a,369_b
806_a,498_b
806_a,869_b
806_a,340_b
806_a,365_b
806_a,25_b
806_a,133_b
806_a,325_b
1271_a,369_b
1271_a,498_b
1271_a,869_b
1271_a,340_b
1271_a,365_b
1271_a,25_b
1271_a,133_b
1271_a,325_b
228_a,172_b
228_a,257_b
228_a,688_b
228_a,858_b
484_a,172_b
484_a,257_b
484_a,688_b
484_a,858_b
3336_a,172_b
3336_a,257_b
3336_a,688_b
3336_a,858_b
1756_a,476_b
1756_a,976_b
2486_a,476_b
2486_a,976_b
3253_a,476_b
3253_a,976_b
267_a,113_b
267_a,449_b
267_a,635_b
267_a,886_b
831_a,916_b
2083_a,916_b
2714_a,179_b
2714_a,207_b
2714_a,363_b
2714_a,911_b
2977_a,179_b
2977_a,207_b
2977_a,363_b
2977_a,911_b
3716_a,179_b
3716_a,207_b
3716_a,363_b
3716_a,911_b
739_a,582_b
739_a,589_b
739_a,616_b
739_a,732_b
739_a,867_b
739_a,999_b
739_a,3_b
739_a,509_b
981_a,582_b
981_a,589_b
981_a,616_b
981_a,732_b
981_a,867_b
981_a,999_b
981_a,3_b
981_a,509_b
1086_a,582_b
1086_a,589_b
1086_a,616_b
1086_a,732_b
1086_a,867_b
1086_a,999_b
1086_a,3_b
1086_a,509_b
2552_a,582_b
2552_a,589_b
2552_a,616_b
2552_a,732_b
2552_a,867_b
2552_a,999_b
2552_a,3_b
2552_a,509_b
1131_a,188_b
1131_a,324_b
1131_a,606_b
2141_a,280_b
2351_a,188_b
2351_a,324_b
2351_a,606_b
3386_a,188_b
3386_a,324_b
3386_a,606_b
147_a,40_b
147_a,700_b
147_a,799_b
620_a,40_b
620_a,700_b
620_a,799_b
714_a,804_b
758_a,40_b
758_a,700_b
758_a,799_b
498_a,935_b
2849_a,935_b
3448_a,160_b
3448_a,218_b
3448_a,395_b
3448_a,466_b
751_a,214_b
751_a,882_b
1419_a,214_b
1419_a,882_b
2572_a,539_b
3053_a,214_b
3053_a,882_b
522_a,614_b
522_a,326_b
522_a,402_b
522_a,856_b
689_a,585_b
689_a,668_b
689_a,910_b
689_a,974_b
689_a,20_b
689_a,235_b
689_a,795_b
689_a,924_b
689_a,985_b
2881_a,585_b
2881_a,668_b
2881_a,910_b
2881_a,974_b
2881_a,20_b
2881_a,235_b
2881_a,795_b
2881_a,924_b
2881_a,985_b
3186_a,585_b
3186_a,668_b
3186_a,910_b
3186_a,974_b
3186_a,20_b
3186_a,235_b
3186_a,795_b
3186_a,924_b
3186_a,985_b
1689_a,205_b
1689_a,601_b
1689_a,619_b
1689_a,896_b
1689_a,195_b
1689_a,426_b
1799_a,205_b
1799_a,601_b
1799_a,619_b
1799_a,896_b
1799_a,195_b
1799_a,426_b
2314_a,644_b
2314_a,865_b
3689_a,205_b
3689_a,601_b
3689_a,619_b
3689_a,896_b
3689_a,195_b
3689_a,426_b
352_a,143_b
352_a,385_b
352_a,528_b
762_a,143_b
762_a,385_b
762_a,528_b
1421_a,143_b
1421_a,385_b
1421_a,528_b
570_a,145_b
570_a,526_b
570_a,546_b
570_a,906_b
570_a,986_b
2148_a,145_b
2148_a,526_b
2148_a,546_b
2148_a,906_b
2148_a,986_b
3476_a,145_b
3476_a,526_b
3476_a,546_b
3476_a,906_b
3476_a,986_b
3734_a,145_b
3734_a,526_b
3734_a,546_b
3734_a,906_b
3734_a,986_b
2075_a,138_b
2075_a,744_b
2502_a,67_b
2502_a,266_b
2502_a,646_b
2502_a,92_b
2502_a,572_b
2502_a,657_b
2537_a,67_b
2537_a,266_b
2537_a,646_b
2537_a,92_b
2537_a,572_b
2537_a,657_b
2609_a,67_b
2609_a,266_b
2609_a,646_b
2609_a,92_b
2609_a,572_b
2609_a,657_b
787_a,232_b
787_a,781_b
787_a,308_b
787_a,448_b
787_a,776_b
2650_a,232_b
2650_a,781_b
2650_a,308_b
2650_a,448_b
2650_a,776_b
3163_a,634_b
676_a,173_b
676_a,155_b
985_a,109_b
985_a,492_b
985_a,949_b
985_a,36_b
985_a,515_b
985_a,788_b
985_a,815_b
985_a,61_b
985_a,272_b
985_a,442_b
2218_a,109_b
2218_a,492_b
2218_a,949_b
2218_a,36_b
2218_a,515_b
2218_a,788_b
2218_a,815_b
2218_a,61_b
2218_a,272_b
2218_a,442_b
3805_a,109_b
3805_a,492_b
3805_a,949_b
3805_a,36_b
3805_a,515_b
3805_a,788_b
3805_a,815_b
3805_a,61_b
3805_a,272_b
3805_a,442_b
347_a,123_b
347_a,588_b
347_a,863_b
534_a,123_b
534_a,588_b
534_a,863_b
1173_a,123_b
1173_a,588_b
1173_a,863_b
2133_a,123_b
2133_a,588_b
2133_a,863_b
36_a,527_b
36_a,751_b
36_a,995_b
246_a,527_b
246_a,751_b
246_a,995_b
3206_a,527_b
3206_a,751_b
3206_a,995_b
632_a,116_b
632_a,125_b
632_a,455_b
824_a,116_b
824_a,125_b
824_a,455_b
2172_a,116_b
2172_a,125_b
2172_a,455_b
1405_a,701_b
2896_a,79_b
2896_a,586_b
2896_a,877_b
2896_a,905_b
3348_a,79_b
3348_a,586_b
3348_a,877_b
3348_a,905_b
3365_a,79_b
3365_a,586_b
3365_a,877_b
3365_a,905_b
433_a,78_b
433_a,689_b
433_a,820_b
1695_a,78_b
1695_a,689_b
1695_a,820_b
3008_a,78_b
3008_a,689_b
3008_a,820_b
3327_a,78_b
3327_a,689_b
3327_a,820_b
2478_a,381_b
2478_a,663_b
2478_a,741_b
2478_a,762_b
110_a,130_b
110_a,270_b
110_a,536_b
759_a,994_b
1590_a,994_b
2644_a,994_b
3090_a,109_b
3090_a,492_b
3090_a,949_b
3090_a,36_b
3090_a,515_b
3090_a,788_b
3090_a,815_b
3090_a,378_b
3090_a,617_b
3090_a,132_b
3090_a,545_b
3090_a,756_b
3090_a,793_b
3090_a,61_b
3090_a,272_b
3090_a,442_b
3294_a,109_b
3294_a,492_b
3294_a,949_b
3294_a,36_b
3294_a,515_b
3294_a,788_b
3294_a,815_b
3294_a,378_b
3294_a,617_b
3294_a,132_b
3294_a,545_b
3294_a,756_b
3294_a,793_b
3294_a,61_b
3294_a,272_b
3294_a,442_b
3481_a,109_b
3481_a,492_b
3481_a,949_b
3481_a,36_b
3481_a,515_b
3481_a,788_b
3481_a,815_b
3481_a,378_b
3481_a,617_b
3481_a,132_b
3481_a,545_b
3481_a,756_b
3481_a,793_b
3481_a,61_b
3481_a,272_b
3481_a,442_b
1089_a,7_b
1089_a,22_b
1089_a,487_b
2955_a,797_b
3321_a,7_b
3321_a,22_b
3321_a,487_b
3709_a,7_b
3709_a,22_b
3709_a,487_b
1945_a,780_b
1947_a,780_b
1982_a,780_b
2209_a,780_b
903_a,33_b
903_a,696_b
2175_a,336_b
2175_a,514_b
2175_a,712_b
2291_a,336_b
2291_a,514_b
2291_a,712_b
2427_a,336_b
2427_a,514_b
2427_a,712_b
764_a,41_b
764_a,878_b
764_a,942_b
2794_a,457_b
2857_a,41_b
2857_a,878_b
2857_a,942_b
3458_a,41_b
3458_a,878_b
3458_a,942_b
237_a,916_b
285_a,916_b
322_a,113_b
322_a,449_b
322_a,635_b
322_a,886_b
685_a,56_b
685_a,86_b
2257_a,56_b
2257_a,86_b
3232_a,56_b
3232_a,86_b
3466_a,56_b
3466_a,86_b
576_a,82_b
576_a,103_b
576_a,981_b
576_a,540_b
576_a,550_b
576_a,843_b
576_a,922_b
2277_a,82_b
2277_a,103_b
2277_a,981_b
2277_a,540_b
2277_a,550_b
2277_a,843_b
2277_a,922_b
2696_a,642_b
2762_a,82_b
2762_a,103_b
2762_a,981_b
2762_a,540_b
2762_a,550_b
2762_a,843_b
2762_a,922_b
1065_a,516_b
1065_a,654_b
1521_a,516_b
1521_a,654_b
2334_a,516_b
2334_a,654_b
3387_a,940_b
244_a,202_b
244_a,440_b
244_a,849_b
1003_a,202_b
1003_a,440_b
1003_a,849_b
2193_a,202_b
2193_a,440_b
2193_a,849_b
2949_a,374_b
1367_a,538_b
1367_a,580_b
1367_a,735_b
1367_a,883_b
1367_a,122_b
1367_a,630_b
2128_a,84_b
2128_a,711_b
2268_a,538_b
2268_a,580_b
2268_a,735_b
2268_a,883_b
2268_a,122_b
2268_a,630_b
2917_a,84_b
2917_a,711_b
1549_a,180_b
1549_a,314_b
1549_a,434_b
3203_a,180_b
3203_a,314_b
3203_a,434_b
3667_a,261_b
3667_a,729_b
586_a,283_b
586_a,303_b
586_a,379_b
1857_a,283_b
1857_a,303_b
1857_a,379_b
1863_a,49_b
3175_a,283_b
3175_a,303_b
3175_a,379_b
1478_a,24_b
1478_a,349_b
1478_a,611_b
2780_a,938_b
3007_a,938_b
3837_a,938_b
120_a,242_b
120_a,573_b
120_a,271_b
120_a,415_b
1712_a,242_b
1712_a,573_b
1712_a,271_b
1712_a,415_b
2803_a,242_b
2803_a,573_b
2803_a,271_b
2803_a,415_b
3189_a,780_b
3189_a,559_b
3189_a,943_b
2069_a,152_b
2069_a,350_b
2375_a,713_b
2375_a,851_b
2547_a,152_b
2547_a,350_b
1987_a,102_b
2154_a,102_b
3673_a,102_b
130_a,961_b
1910_a,961_b
3810_a,961_b
382_a,464_b
382_a,633_b
1374_a,464_b
1374_a,633_b
2126_a,746_b
3289_a,746_b
1017_a,624_b
1017_a,662_b
1017_a,819_b
1017_a,951_b
1753_a,163_b
3262_a,163_b
3652_a,163_b
2108_a,268_b
2524_a,268_b
2595_a,524_b
2595_a,828_b
2595_a,848_b
3467_a,524_b
3467_a,828_b
3467_a,848_b
1657_a,196_b
1657_a,276_b
1657_a,947_b
2668_a,196_b
2668_a,276_b
2668_a,947_b
3853_a,196_b
3853_a,276_b
3853_a,947_b
1117_a,38_b
1117_a,452_b
1117_a,403_b
1117_a,417_b
2747_a,38_b
2747_a,452_b
2747_a,403_b
2747_a,417_b
3349_a,38_b
3349_a,452_b
3349_a,403_b
3349_a,417_b
3784_a,265_b
3784_a,429_b
3784_a,970_b
3784_a,984_b
1105_a,575_b
1105_a,871_b
1755_a,198_b
1755_a,636_b
1755_a,835_b
1755_a,95_b
1755_a,295_b
1755_a,353_b
1933_a,198_b
1933_a,636_b
1933_a,835_b
1933_a,95_b
1933_a,295_b
1933_a,353_b
2980_a,198_b
2980_a,636_b
2980_a,835_b
2980_a,95_b
2980_a,295_b
2980_a,353_b
811_a,451_b
2610_a,484_b
2610_a,626_b
2610_a,782_b
3686_a,484_b
3686_a,626_b
3686_a,782_b
266_a,16_b
266_a,683_b
266_a,767_b
266_a,891_b
266_a,998_b
1861_a,16_b
1861_a,683_b
1861_a,767_b
1861_a,891_b
1861_a,998_b
2113_a,16_b
2113_a,683_b
2113_a,767_b
2113_a,891_b
2113_a,998_b
2123_a,16_b
2123_a,683_b
2123_a,767_b
2123_a,891_b
2123_a,998_b
995_a,516_b
995_a,654_b
1189_a,516_b
1189_a,654_b
2136_a,516_b
2136_a,654_b
3676_a,516_b
3676_a,654_b
1949_a,52_b
1949_a,291_b
1949_a,615_b
1949_a,638_b
1573_a,80_b
1573_a,99_b
1573_a,243_b
1573_a,438_b
1573_a,859_b
1573_a,962_b
2617_a,80_b
2617_a,99_b
2617_a,243_b
2617_a,438_b
2617_a,859_b
2617_a,962_b
3397_a,80_b
3397_a,99_b
3397_a,243_b
3397_a,438_b
3397_a,859_b
3397_a,962_b
3778_a,687_b
3778_a,979_b
84_a,30_b
84_a,341_b
84_a,941_b
721_a,190_b
950_a,190_b
3239_a,30_b
3239_a,341_b
3239_a,941_b
1356_a,185_b
1356_a,216_b
1356_a,251_b
1356_a,686_b
1356_a,864_b
1356_a,358_b
1999_a,19_b
1999_a,500_b
1999_a,749_b
1999_a,2_b
1999_a,376_b
1999_a,786_b
2706_a,19_b
2706_a,500_b
2706_a,749_b
2706_a,2_b
2706_a,376_b
2706_a,786_b
3350_a,19_b
3350_a,500_b
3350_a,749_b
3350_a,2_b
3350_a,376_b
3350_a,786_b
187_a,33_b
187_a,696_b
187_a,51_b
187_a,637_b
187_a,673_b
187_a,740_b
408_a,33_b
408_a,696_b
408_a,51_b
408_a,637_b
408_a,673_b
408_a,740_b
1390_a,336_b
1390_a,514_b
1390_a,712_b
1390_a,989_b
1968_a,33_b
1968_a,696_b
1968_a,51_b
1968_a,637_b
1968_a,673_b
1968_a,740_b
647_a,527_b
647_a,751_b
647_a,995_b
905_a,527_b
905_a,751_b
905_a,995_b
2973_a,527_b
2973_a,751_b
2973_a,995_b
3627_a,186_b
3627_a,544_b
376_a,21_b
376_a,176_b
1483_a,21_b
1483_a,176_b
1637_a,21_b
1637_a,176_b
3227_a,250_b
3227_a,669_b
1530_a,804_b
1717_a,804_b
2822_a,804_b
726_a,409_b
726_a,475_b
879_a,15_b
879_a,574_b
2919_a,15_b
2919_a,574_b
1164_a,153_b
1164_a,632_b
1164_a,775_b
2119_a,153_b
2119_a,632_b
2119_a,775_b
2467_a,153_b
2467_a,632_b
2467_a,775_b
3195_a,153_b
3195_a,632_b
3195_a,775_b
447_a,393_b
447_a,681_b
447_a,60_b
447_a,760_b
612_a,119_b
612_a,223_b
612_a,244_b
612_a,697_b
612_a,714_b
612_a,839_b
612_a,413_b
636_a,119_b
636_a,223_b
636_a,244_b
636_a,697_b
636_a,714_b
636_a,839_b
636_a,413_b
3851_a,393_b
3851_a,681_b
3851_a,60_b
3851_a,760_b
1205_a,913_b
1234_a,287_b
1234_a,631_b
1234_a,838_b
2586_a,287_b
2586_a,631_b
2586_a,838_b
733_a,253_b
733_a,737_b
733_a,79_b
733_a,586_b
733_a,877_b
733_a,905_b
1165_a,665_b
1165_a,701_b
2944_a,665_b
2944_a,701_b
3224_a,253_b
3224_a,737_b
3224_a,79_b
3224_a,586_b
3224_a,877_b
3224_a,905_b
1175_a,273_b
1175_a,456_b
1175_a,518_b
1175_a,946_b
1992_a,273_b
1992_a,456_b
1992_a,518_b
1992_a,946_b
3124_a,273_b
3124_a,456_b
3124_a,518_b
3124_a,946_b
583_a,215_b
583_a,431_b
583_a,522_b
583_a,706_b
3680_a,215_b
3680_a,431_b
3680_a,522_b
3680_a,706_b
3820_a,215_b
3820_a,431_b
3820_a,522_b
3820_a,706_b
284_a,234_b
284_a,315_b
284_a,471_b
284_a,934_b
681_a,403_b
681_a,417_b
1642_a,403_b
1642_a,417_b
1856_a,970_b
1856_a,984_b
708_a,166_b
708_a,174_b
708_a,571_b
1849_a,90_b
1849_a,311_b
1849_a,360_b
1849_a,736_b
1849_a,293_b
3500_a,90_b
3500_a,311_b
3500_a,360_b
3500_a,736_b
3500_a,293_b
3785_a,90_b
3785_a,311_b
3785_a,360_b
3785_a,736_b
3785_a,293_b
89_a,24_b
89_a,349_b
89_a,611_b
1054_a,24_b
1054_a,349_b
1054_a,611_b
1634_a,24_b
1634_a,349_b
1634_a,611_b
2493_a,24_b
2493_a,349_b
2493_a,611_b
1491_a,42_b
1491_a,846_b
3010_a,541_b
3420_a,541_b
3538_a,42_b
3538_a,846_b
121_a,985_b
1068_a,985_b
1128_a,985_b
2003_a,985_b
252_a,10_b
252_a,747_b
252_a,569_b
252_a,692_b
252_a,845_b
252_a,123_b
252_a,588_b
252_a,863_b
1690_a,10_b
1690_a,747_b
1690_a,569_b
1690_a,692_b
1690_a,845_b
1690_a,123_b
1690_a,588_b
1690_a,863_b
2173_a,366_b
2173_a,798_b
2173_a,806_b
913_a,123_b
913_a,588_b
913_a,863_b
2898_a,123_b
2898_a,588_b
2898_a,863_b
176_a,108_b
176_a,504_b
176_a,693_b
282_a,108_b
282_a,504_b
282_a,693_b
2363_a,108_b
2363_a,504_b
2363_a,693_b
2700_a,108_b
2700_a,504_b
2700_a,693_b
1242_a,108_b
1242_a,504_b
1242_a,693_b
1242_a,178_b
1242_a,351_b
1242_a,408_b
1242_a,966_b
1242_a,523_b
1242_a,627_b
1242_a,705_b
2089_a,108_b
2089_a,504_b
2089_a,693_b
2089_a,178_b
2089_a,351_b
2089_a,408_b
2089_a,966_b
2089_a,523_b
2089_a,627_b
2089_a,705_b
2333_a,108_b
2333_a,504_b
2333_a,693_b
2333_a,178_b
2333_a,351_b
2333_a,408_b
2333_a,966_b
2333_a,523_b
2333_a,627_b
2333_a,705_b
649_a,6_b
649_a,804_b
1070_a,6_b
1070_a,804_b
1295_a,6_b
1295_a,804_b
2238_a,147_b
2238_a,323_b
2238_a,939_b
2238_a,40_b
2238_a,700_b
2238_a,799_b
316_a,435_b
316_a,389_b
2059_a,169_b
2059_a,391_b
2059_a,685_b
2059_a,853_b
2059_a,178_b
2059_a,351_b
2059_a,408_b
2059_a,966_b
2059_a,523_b
2059_a,627_b
2059_a,705_b
2059_a,77_b
2059_a,212_b
2638_a,169_b
2638_a,391_b
2638_a,685_b
2638_a,853_b
2638_a,178_b
2638_a,351_b
2638_a,408_b
2638_a,966_b
2638_a,523_b
2638_a,627_b
2638_a,705_b
2638_a,77_b
2638_a,212_b
2739_a,435_b
2739_a,389_b
394_a,607_b
394_a,656_b
394_a,817_b
1862_a,286_b
1862_a,361_b
1862_a,410_b
1862_a,443_b
1862_a,852_b
2510_a,286_b
2510_a,361_b
2510_a,410_b
2510_a,443_b
2510_a,852_b
3460_a,286_b
3460_a,361_b
3460_a,410_b
3460_a,443_b
3460_a,852_b
248_a,232_b
248_a,781_b
248_a,308_b
248_a,448_b
248_a,776_b
2071_a,634_b
2327_a,634_b
1525_a,90_b
1525_a,311_b
1525_a,360_b
1525_a,736_b
2021_a,90_b
2021_a,311_b
2021_a,360_b
2021_a,736_b
3134_a,90_b
3134_a,311_b
3134_a,360_b
3134_a,736_b
3418_a,90_b
3418_a,311_b
3418_a,360_b
3418_a,736_b
1450_a,72_b
1450_a,344_b
1450_a,666_b
1450_a,529_b
2199_a,222_b
2199_a,13_b
2199_a,868_b
2918_a,72_b
2918_a,344_b
2918_a,666_b
2918_a,529_b
3252_a,72_b
3252_a,344_b
3252_a,666_b
3252_a,529_b
1244_a,116_b
1244_a,125_b
1244_a,455_b
1854_a,116_b
1854_a,125_b
1854_a,455_b
105_a,78_b
105_a,689_b
105_a,820_b
525_a,309_b
2900_a,78_b
2900_a,689_b
2900_a,820_b
2954_a,78_b
2954_a,689_b
2954_a,820_b
1283_a,409_b
1283_a,475_b
1888_a,409_b
1888_a,475_b
2007_a,15_b
2007_a,574_b
2827_a,409_b
2827_a,475_b
1060_a,6_b
1692_a,147_b
1692_a,323_b
1692_a,939_b
2364_a,147_b
2364_a,323_b
2364_a,939_b
2516_a,147_b
2516_a,323_b
2516_a,939_b
651_a,149_b
651_a,154_b
651_a,490_b
1391_a,149_b
1391_a,154_b
1391_a,490_b
1517_a,149_b
1517_a,154_b
1517_a,490_b
3093_a,149_b
3093_a,154_b
3093_a,490_b
1222_a,54_b
1222_a,298_b
1222_a,428_b
1222_a,997_b
1673_a,54_b
1673_a,298_b
1673_a,428_b
1673_a,997_b
3300_a,54_b
3300_a,298_b
3300_a,428_b
3300_a,997_b
927_a,76_b
927_a,240_b
927_a,330_b
927_a,996_b
927_a,1_b
927_a,158_b
927_a,564_b
927_a,373_b
927_a,583_b
940_a,140_b
940_a,296_b
940_a,759_b
2543_a,76_b
2543_a,240_b
2543_a,330_b
2543_a,996_b
2543_a,1_b
2543_a,158_b
2543_a,564_b
2543_a,373_b
2543_a,583_b
2597_a,76_b
2597_a,240_b
2597_a,330_b
2597_a,996_b
2597_a,1_b
2597_a,158_b
2597_a,564_b
2597_a,373_b
2597_a,583_b
645_a,35_b
645_a,64_b
645_a,66_b
734_a,35_b
734_a,64_b
734_a,66_b
3545_a,126_b
3791_a,35_b
3791_a,64_b
3791_a,66_b
478_a,985_b
3485_a,985_b
3601_a,326_b
3601_a,402_b
3601_a,856_b
3802_a,985_b
1836_a,308_b
1836_a,448_b
1836_a,776_b
1872_a,308_b
1872_a,448_b
1872_a,776_b
2912_a,308_b
2912_a,448_b
2912_a,776_b
114_a,293_b
1659_a,293_b
3220_a,293_b
3395_a,166_b
3395_a,174_b
3395_a,571_b
311_a,516_b
311_a,654_b
2557_a,940_b
2708_a,940_b
174_a,800_b
593_a,172_b
593_a,257_b
593_a,688_b
593_a,858_b
593_a,181_b
593_a,436_b
2858_a,172_b
2858_a,257_b
2858_a,688_b
2858_a,858_b
2858_a,181_b
2858_a,436_b
3042_a,800_b
958_a,89_b
958_a,97_b
958_a,568_b
958_a,274_b
958_a,312_b
3450_a,200_b
3450_a,301_b
3475_a,200_b
3475_a,301_b
3501_a,200_b
3501_a,301_b
1394_a,51_b
1394_a,637_b
1394_a,673_b
1394_a,740_b
1436_a,51_b
1436_a,637_b
1436_a,673_b
1436_a,740_b
1629_a,989_b
3796_a,51_b
3796_a,637_b
3796_a,673_b
3796_a,740_b
93_a,319_b
93_a,394_b
93_a,483_b
93_a,959_b
659_a,319_b
659_a,394_b
659_a,483_b
659_a,959_b
687_a,319_b
687_a,394_b
687_a,483_b
687_a,959_b
2564_a,319_b
2564_a,394_b
2564_a,483_b
2564_a,959_b
380_a,462_b
380_a,734_b
380_a,8_b
380_a,94_b
380_a,923_b
1469_a,462_b
1469_a,734_b
1469_a,8_b
1469_a,94_b
1469_a,923_b
2420_a,462_b
2420_a,734_b
2420_a,8_b
2420_a,94_b
2420_a,923_b
3208_a,462_b
3208_a,734_b
3208_a,8_b
3208_a,94_b
3208_a,923_b
349_a,624_b
349_a,662_b
349_a,819_b
349_a,951_b
1640_a,163_b
2098_a,163_b
3376_a,163_b
1006_a,352_b
1006_a,608_b
1006_a,925_b
1172_a,352_b
1172_a,608_b
1172_a,925_b
1496_a,352_b
1496_a,608_b
1496_a,925_b
1038_a,553_b
1765_a,553_b
2356_a,553_b
3787_a,294_b
3787_a,300_b
3787_a,639_b
3787_a,371_b
3787_a,505_b
3787_a,709_b
3787_a,723_b
1066_a,824_b
1844_a,142_b
1844_a,367_b
1844_a,542_b
1844_a,893_b
1844_a,533_b
1844_a,648_b
1844_a,787_b
2449_a,824_b
978_a,791_b
978_a,553_b
1750_a,791_b
1750_a,553_b
2048_a,791_b
2048_a,553_b
3108_a,791_b
3108_a,553_b
222_a,137_b
222_a,245_b
222_a,557_b
222_a,758_b
1376_a,137_b
1376_a,245_b
1376_a,557_b
1376_a,758_b
2838_a,137_b
2838_a,245_b
2838_a,557_b
2838_a,758_b
309_a,277_b
309_a,840_b
309_a,929_b
1498_a,277_b
1498_a,840_b
1498_a,929_b
2729_a,277_b
2729_a,840_b
2729_a,929_b
1940_a,510_b
1940_a,745_b
1940_a,764_b
2156_a,192_b
2677_a,510_b
2677_a,745_b
2677_a,764_b
1678_a,182_b
1678_a,420_b
1808_a,182_b
1808_a,420_b
2111_a,182_b
2111_a,420_b
3807_a,182_b
3807_a,420_b
139_a,482_b
139_a,794_b
139_a,221_b
139_a,236_b
139_a,425_b
139_a,926_b
1477_a,482_b
1477_a,794_b
1477_a,221_b
1477_a,236_b
1477_a,425_b
1477_a,926_b
2943_a,482_b
2943_a,794_b
2943_a,221_b
2943_a,236_b
2943_a,425_b
2943_a,926_b
3570_a,482_b
3570_a,794_b
3570_a,221_b
3570_a,236_b
3570_a,425_b
3570_a,926_b
2556_a,110_b
2556_a,252_b
2556_a,649_b
2556_a,873_b
2929_a,110_b
2929_a,252_b
2929_a,649_b
2929_a,873_b
38_a,221_b
38_a,236_b
38_a,425_b
38_a,926_b
56_a,221_b
56_a,236_b
56_a,425_b
56_a,926_b
268_a,221_b
268_a,236_b
268_a,425_b
268_a,926_b
280_a,857_b
136_a,399_b
136_a,716_b
136_a,937_b
136_a,373_b
136_a,583_b
1059_a,296_b
1059_a,759_b
3643_a,399_b
3643_a,716_b
3643_a,937_b
3643_a,373_b
3643_a,583_b
247_a,50_b
247_a,414_b
247_a,704_b
1141_a,50_b
1141_a,414_b
1141_a,704_b
1572_a,50_b
1572_a,414_b
1572_a,704_b
3728_a,50_b
3728_a,414_b
3728_a,704_b
3096_a,152_b
3096_a,350_b
3201_a,713_b
3201_a,851_b
3270_a,152_b
3270_a,350_b
1794_a,462_b
1794_a,734_b
1794_a,8_b
1794_a,94_b
1794_a,923_b
2192_a,462_b
2192_a,734_b
2192_a,8_b
2192_a,94_b
2192_a,923_b
2626_a,565_b
2626_a,875_b
3323_a,462_b
3323_a,734_b
3323_a,8_b
3323_a,94_b
3323_a,923_b
604_a,818_b
604_a,904_b
604_a,61_b
604_a,272_b
604_a,442_b
1011_a,818_b
1011_a,904_b
1011_a,61_b
1011_a,272_b
1011_a,442_b
1190_a,818_b
1190_a,904_b
1190_a,61_b
1190_a,272_b
1190_a,442_b
1476_a,818_b
1476_a,904_b
1476_a,61_b
1476_a,272_b
1476_a,442_b
475_a,273_b
475_a,456_b
475_a,518_b
475_a,946_b
2850_a,273_b
2850_a,456_b
2850_a,518_b
2850_a,946_b
3670_a,273_b
3670_a,456_b
3670_a,518_b
3670_a,946_b
1552_a,687_b
1552_a,979_b
1668_a,687_b
1668_a,979_b
2592_a,80_b
1890_a,293_b
1961_a,166_b
1961_a,174_b
1961_a,571_b
2178_a,166_b
2178_a,174_b
2178_a,571_b
2539_a,166_b
2539_a,174_b
2539_a,571_b
846_a,108_b
846_a,504_b
846_a,693_b
846_a,76_b
846_a,240_b
846_a,330_b
846_a,996_b
1404_a,108_b
1404_a,504_b
1404_a,693_b
1404_a,76_b
1404_a,240_b
1404_a,330_b
1404_a,996_b
1851_a,108_b
1851_a,504_b
1851_a,693_b
1851_a,76_b
1851_a,240_b
1851_a,330_b
1851_a,996_b
2517_a,289_b
1259_a,108_b
1259_a,504_b
1259_a,693_b
1408_a,108_b
1408_a,504_b
1408_a,693_b
2565_a,108_b
2565_a,504_b
2565_a,693_b
3599_a,108_b
3599_a,504_b
3599_a,693_b
743_a,81_b
743_a,246_b
743_a,463_b
743_a,766_b
743_a,167_b
743_a,556_b
743_a,570_b
743_a,952_b
743_a,441_b
743_a,587_b
743_a,591_b
2040_a,81_b
2040_a,246_b
2040_a,463_b
2040_a,766_b
2040_a,167_b
2040_a,556_b
2040_a,570_b
2040_a,952_b
2040_a,441_b
2040_a,587_b
2040_a,591_b
2464_a,424_b
2464_a,722_b
2464_a,953_b
1592_a,804_b
1716_a,40_b
1716_a,700_b
1716_a,799_b
1800_a,804_b
2017_a,40_b
2017_a,700_b
2017_a,799_b
319_a,297_b
319_a,473_b
319_a,790_b
1464_a,297_b
1464_a,473_b
1464_a,790_b
1889_a,297_b
1889_a,473_b
1889_a,790_b
3373_a,57_b
3373_a,46_b
3373_a,525_b
3373_a,703_b
3373_a,927_b
543_a,409_b
543_a,475_b
650_a,409_b
650_a,475_b
1443_a,409_b
1443_a,475_b
3278_a,409_b
3278_a,475_b
167_a,326_b
167_a,402_b
167_a,856_b
226_a,326_b
226_a,402_b
226_a,856_b
1671_a,326_b
1671_a,402_b
1671_a,856_b
142_a,164_b
588_a,143_b
588_a,385_b
588_a,528_b
588_a,54_b
588_a,298_b
588_a,428_b
588_a,997_b
3282_a,143_b
3282_a,385_b
3282_a,528_b
3282_a,54_b
3282_a,298_b
3282_a,428_b
3282_a,997_b
3441_a,164_b
1243_a,308_b
1243_a,448_b
1243_a,776_b
1276_a,308_b
1276_a,448_b
1276_a,776_b
1330_a,308_b
1330_a,448_b
1330_a,776_b
740_a,145_b
740_a,526_b
740_a,546_b
740_a,906_b
740_a,986_b
1311_a,145_b
1311_a,526_b
1311_a,546_b
1311_a,906_b
1311_a,986_b
3138_a,145_b
3138_a,526_b
3138_a,546_b
3138_a,906_b
3138_a,986_b
556_a,138_b
556_a,801_b
556_a,744_b
1389_a,67_b
1389_a,266_b
1389_a,646_b
1389_a,248_b
1389_a,444_b
1389_a,478_b
1389_a,92_b
1389_a,572_b
1389_a,657_b
1620_a,67_b
1620_a,266_b
1620_a,646_b
1620_a,248_b
1620_a,444_b
1620_a,478_b
1620_a,92_b
1620_a,572_b
1620_a,657_b
1501_a,369_b
1501_a,498_b
1501_a,869_b
1501_a,582_b
1501_a,589_b
1501_a,616_b
1501_a,732_b
1501_a,867_b
1501_a,999_b
1501_a,750_b
1501_a,900_b
2221_a,369_b
2221_a,498_b
2221_a,869_b
2221_a,582_b
2221_a,589_b
2221_a,616_b
2221_a,732_b
2221_a,867_b
2221_a,999_b
2221_a,750_b
2221_a,900_b
2256_a,884_b
2256_a,340_b
2256_a,365_b
3077_a,369_b
3077_a,498_b
3077_a,869_b
3077_a,582_b
3077_a,589_b
3077_a,616_b
3077_a,732_b
3077_a,867_b
3077_a,999_b
3077_a,750_b
3077_a,900_b
961_a,409_b
961_a,475_b
2405_a,409_b
2405_a,475_b
2540_a,15_b
2540_a,574_b
2801_a,409_b
2801_a,475_b
3528_a,409_b
3528_a,475_b
23_a,150_b
23_a,581_b
23_a,590_b
23_a,909_b
68_a,150_b
68_a,581_b
68_a,590_b
68_a,909_b
2634_a,150_b
2634_a,581_b
2634_a,590_b
2634_a,909_b
3529_a,150_b
3529_a,581_b
3529_a,590_b
3529_a,909_b
948_a,130_b
948_a,270_b
948_a,536_b
993_a,130_b
993_a,270_b
993_a,536_b
1980_a,130_b
1980_a,270_b
1980_a,536_b
554_a,409_b
554_a,475_b
1586_a,409_b
1586_a,475_b
3076_a,409_b
3076_a,475_b
755_a,283_b
755_a,303_b
755_a,379_b
1764_a,283_b
1764_a,303_b
1764_a,379_b
2633_a,283_b
2633_a,303_b
2633_a,379_b
2910_a,49_b
1509_a,41_b
1509_a,878_b
1509_a,942_b
1509_a,628_b
1509_a,931_b
2573_a,41_b
2573_a,878_b
2573_a,942_b
2573_a,628_b
2573_a,931_b
3234_a,457_b
3234_a,267_b
3368_a,457_b
3368_a,267_b
932_a,253_b
932_a,737_b
932_a,628_b
932_a,931_b
1513_a,253_b
1513_a,737_b
1513_a,628_b
1513_a,931_b
1606_a,665_b
1606_a,267_b
3713_a,253_b
3713_a,737_b
3713_a,628_b
3713_a,931_b
83_a,204_b
83_a,258_b
83_a,977_b
1278_a,204_b
1278_a,258_b
1278_a,977_b
1537_a,481_b
1905_a,204_b
1905_a,258_b
1905_a,977_b
1170_a,985_b
2862_a,985_b
3512_a,985_b
1082_a,233_b
1082_a,372_b
1082_a,621_b
1082_a,805_b
1082_a,975_b
1519_a,233_b
1519_a,372_b
1519_a,621_b
1519_a,805_b
1519_a,975_b
3469_a,233_b
3469_a,372_b
3469_a,621_b
3469_a,805_b
3469_a,975_b
3602_a,233_b
3602_a,372_b
3602_a,621_b
3602_a,805_b
3602_a,975_b
888_a,170_b
888_a,474_b
888_a,499_b
2938_a,170_b
2938_a,474_b
2938_a,499_b
3363_a,170_b
3363_a,474_b
3363_a,499_b
243_a,464_b
243_a,633_b
1393_a,746_b
2181_a,746_b
2514_a,746_b
2094_a,89_b
2094_a,97_b
2094_a,568_b
2094_a,310_b
2094_a,419_b
2094_a,521_b
2094_a,990_b
2305_a,89_b
2305_a,97_b
2305_a,568_b
2305_a,310_b
2305_a,419_b
2305_a,521_b
2305_a,990_b
3152_a,89_b
3152_a,97_b
3152_a,568_b
3152_a,310_b
3152_a,419_b
3152_a,521_b
3152_a,990_b
1752_a,519_b
1752_a,623_b
1752_a,822_b
3346_a,519_b
3346_a,623_b
3346_a,822_b
1296_a,54_b
1296_a,298_b
1296_a,428_b
1296_a,997_b
2201_a,54_b
2201_a,298_b
2201_a,428_b
2201_a,997_b
3815_a,54_b
3815_a,298_b
3815_a,428_b
3815_a,997_b
953_a,255_b
953_a,655_b
953_a,670_b
953_a,855_b
953_a,919_b
2702_a,255_b
2702_a,655_b
2702_a,670_b
2702_a,855_b
2702_a,919_b
3311_a,255_b
3311_a,655_b
3311_a,670_b
3311_a,855_b
3311_a,919_b
1435_a,320_b
1435_a,827_b
2499_a,320_b
2499_a,827_b
3295_a,320_b
3295_a,827_b
1837_a,37_b
1837_a,620_b
1837_a,860_b
2920_a,37_b
2920_a,620_b
2920_a,860_b
2953_a,37_b
2953_a,620_b
2953_a,860_b
1429_a,628_b
1429_a,931_b
1845_a,267_b
3112_a,628_b
3112_a,931_b
158_a,287_b
158_a,631_b
158_a,838_b
691_a,287_b
691_a,631_b
691_a,838_b
1138_a,287_b
1138_a,631_b
1138_a,838_b
1403_a,287_b
1403_a,631_b
1403_a,838_b
550_a,378_b
550_a,617_b
1878_a,672_b
1878_a,897_b
2174_a,672_b
2174_a,897_b
3103_a,672_b
3103_a,897_b
1211_a,643_b
1211_a,969_b
1262_a,643_b
1262_a,969_b
2461_a,643_b
2461_a,969_b
2551_a,643_b
2551_a,969_b
3246_a,136_b
3246_a,237_b
3246_a,602_b
3246_a,968_b
591_a,310_b
591_a,419_b
591_a,521_b
591_a,990_b
1014_a,310_b
1014_a,419_b
1014_a,521_b
1014_a,990_b
769_a,46_b
769_a,525_b
769_a,703_b
769_a,927_b
1897_a,46_b
1897_a,525_b
1897_a,703_b
1897_a,927_b
2553_a,46_b
2553_a,525_b
2553_a,703_b
2553_a,927_b
3119_a,46_b
3119_a,525_b
3119_a,703_b
3119_a,927_b
329_a,624_b
329_a,662_b
329_a,819_b
329_a,951_b
432_a,624_b
432_a,662_b
432_a,819_b
432_a,951_b
1064_a,624_b
1064_a,662_b
1064_a,819_b
1064_a,951_b
2781_a,624_b
2781_a,662_b
2781_a,819_b
2781_a,951_b
516_a,179_b
516_a,207_b
516_a,363_b
516_a,911_b
777_a,179_b
777_a,207_b
777_a,363_b
777_a,911_b
1392_a,179_b
1392_a,207_b
1392_a,363_b
1392_a,911_b
230_a,247_b
230_a,406_b
230_a,888_b
379_a,247_b
379_a,406_b
379_a,888_b
1607_a,497_b
2722_a,247_b
2722_a,406_b
2722_a,888_b
2388_a,206_b
2388_a,651_b
2388_a,829_b
3477_a,206_b
3477_a,651_b
3477_a,829_b
857_a,10_b
857_a,747_b
1201_a,10_b
1201_a,747_b
2116_a,366_b
2116_a,798_b
2325_a,10_b
2325_a,747_b
1913_a,614_b
2452_a,20_b
2452_a,235_b
2452_a,795_b
2452_a,924_b
3177_a,20_b
3177_a,235_b
3177_a,795_b
3177_a,924_b
344_a,802_b
1556_a,802_b
2396_a,802_b
2724_a,802_b
163_a,99_b
163_a,243_b
163_a,438_b
163_a,859_b
163_a,962_b
2684_a,99_b
2684_a,243_b
2684_a,438_b
2684_a,859_b
2684_a,962_b
2614_a,90_b
2614_a,311_b
2614_a,360_b
2614_a,736_b
2651_a,90_b
2651_a,311_b
2651_a,360_b
2651_a,736_b
336_a,283_b
336_a,303_b
336_a,379_b
538_a,49_b
868_a,49_b
3479_a,283_b
3479_a,303_b
3479_a,379_b
1232_a,460_b
1232_a,778_b
2941_a,460_b
2941_a,778_b
3576_a,660_b
1931_a,985_b
2914_a,985_b
3178_a,985_b
3551_a,985_b
1841_a,308_b
1841_a,448_b
1841_a,776_b
1841_a,352_b
1841_a,608_b
1841_a,925_b
2546_a,308_b
2546_a,448_b
2546_a,776_b
2546_a,352_b
2546_a,608_b
2546_a,925_b
2150_a,534_b
2150_a,593_b
2150_a,844_b
2150_a,173_b
2150_a,36_b
2150_a,515_b
2150_a,788_b
2150_a,815_b
2150_a,378_b
2150_a,617_b
2809_a,534_b
2809_a,593_b
2809_a,844_b
2809_a,173_b
2809_a,36_b
2809_a,515_b
2809_a,788_b
2809_a,815_b
2809_a,378_b
2809_a,617_b
3694_a,739_b
3694_a,109_b
3694_a,492_b
3694_a,949_b
3694_a,155_b
3694_a,672_b
3694_a,897_b
3694_a,61_b
3694_a,272_b
3694_a,442_b
982_a,42_b
982_a,846_b
1085_a,42_b
1085_a,846_b
1462_a,541_b
2465_a,42_b
2465_a,846_b
254_a,306_b
254_a,543_b
254_a,763_b
254_a,872_b
1645_a,306_b
1645_a,543_b
1645_a,763_b
1645_a,872_b
3773_a,306_b
3773_a,543_b
3773_a,763_b
3773_a,872_b
1662_a,167_b
1662_a,556_b
1662_a,570_b
1662_a,952_b
1754_a,167_b
1754_a,556_b
1754_a,570_b
1754_a,952_b
3423_a,167_b
3423_a,556_b
3423_a,570_b
3423_a,952_b
1314_a,352_b
1314_a,608_b
1314_a,925_b
2280_a,352_b
2280_a,608_b
2280_a,925_b
2758_a,352_b
2758_a,608_b
2758_a,925_b
1472_a,172_b
1472_a,257_b
1472_a,688_b
1472_a,858_b
1742_a,172_b
1742_a,257_b
1742_a,688_b
1742_a,858_b
3161_a,172_b
3161_a,257_b
3161_a,688_b
3161_a,858_b
3412_a,172_b
3412_a,257_b
3412_a,688_b
3412_a,858_b
175_a,369_b
175_a,498_b
175_a,869_b
175_a,25_b
175_a,133_b
175_a,325_b
342_a,369_b
342_a,498_b
342_a,869_b
342_a,25_b
342_a,133_b
342_a,325_b
969_a,369_b
969_a,498_b
969_a,869_b
969_a,25_b
969_a,133_b
969_a,325_b
1000_a,369_b
1000_a,498_b
1000_a,869_b
1000_a,25_b
1000_a,133_b
1000_a,325_b
141_a,172_b
141_a,257_b
141_a,688_b
141_a,858_b
3381_a,172_b
3381_a,257_b
3381_a,688_b
3381_a,858_b
3764_a,172_b
3764_a,257_b
3764_a,688_b
3764_a,858_b
779_a,63_b
779_a,488_b
779_a,918_b
1774_a,63_b
1774_a,488_b
1774_a,918_b
3356_a,63_b
3356_a,488_b
3356_a,918_b
2250_a,170_b
2250_a,474_b
2250_a,499_b
2991_a,170_b
2991_a,474_b
2991_a,499_b
1264_a,149_b
1264_a,154_b
1264_a,490_b
1666_a,184_b
2470_a,184_b
2485_a,149_b
2485_a,154_b
2485_a,490_b
1731_a,110_b
1731_a,252_b
1731_a,649_b
1731_a,873_b
3590_a,110_b
3590_a,252_b
3590_a,649_b
3590_a,873_b
2076_a,884_b
2076_a,750_b
2076_a,900_b
2084_a,369_b
2084_a,498_b
2084_a,869_b
2084_a,340_b
2084_a,365_b
2084_a,25_b
2084_a,133_b
2084_a,325_b
3612_a,884_b
3612_a,750_b
3612_a,900_b
3739_a,369_b
3739_a,498_b
3739_a,869_b
3739_a,340_b
3739_a,365_b
3739_a,25_b
3739_a,133_b
3739_a,325_b
1209_a,206_b
1209_a,651_b
1209_a,829_b
2288_a,206_b
2288_a,651_b
2288_a,829_b
3629_a,206_b
3629_a,651_b
3629_a,829_b
2102_a,326_b
2102_a,402_b
2102_a,856_b
2158_a,985_b
2807_a,326_b
2807_a,402_b
2807_a,856_b
3609_a,985_b
135_a,195_b
135_a,426_b
2036_a,136_b
2036_a,237_b
2036_a,602_b
2036_a,968_b
2036_a,644_b
2036_a,865_b
3026_a,136_b
3026_a,237_b
3026_a,602_b
3026_a,968_b
3026_a,644_b
3026_a,865_b
216_a,215_b
216_a,431_b
216_a,522_b
216_a,706_b
892_a,215_b
892_a,431_b
892_a,522_b
892_a,706_b
1288_a,215_b
1288_a,431_b
1288_a,522_b
1288_a,706_b
1814_a,215_b
1814_a,431_b
1814_a,522_b
1814_a,706_b
487_a,234_b
487_a,315_b
487_a,471_b
487_a,934_b
866_a,234_b
866_a,315_b
866_a,471_b
866_a,934_b
1260_a,234_b
1260_a,315_b
1260_a,471_b
1260_a,934_b
3247_a,177_b
3247_a,836_b
3556_a,177_b
3556_a,836_b
3683_a,343_b
795_a,79_b
795_a,586_b
795_a,877_b
795_a,905_b
2501_a,79_b
2501_a,586_b
2501_a,877_b
2501_a,905_b
2611_a,79_b
2611_a,586_b
2611_a,877_b
2611_a,905_b
3592_a,79_b
3592_a,586_b
3592_a,877_b
3592_a,905_b
30_a,215_b
30_a,431_b
30_a,522_b
30_a,706_b
74_a,215_b
74_a,431_b
74_a,522_b
74_a,706_b
2253_a,215_b
2253_a,431_b
2253_a,522_b
2253_a,706_b
965_a,56_b
965_a,86_b
965_a,145_b
965_a,526_b
965_a,546_b
965_a,906_b
965_a,986_b
1292_a,56_b
1292_a,86_b
1292_a,145_b
1292_a,526_b
1292_a,546_b
1292_a,906_b
1292_a,986_b
3457_a,56_b
3457_a,86_b
3457_a,145_b
3457_a,526_b
3457_a,546_b
3457_a,906_b
3457_a,986_b
3696_a,56_b
3696_a,86_b
3696_a,145_b
3696_a,526_b
3696_a,546_b
3696_a,906_b
3696_a,986_b
101_a,392_b
101_a,761_b
101_a,866_b
829_a,392_b
829_a,761_b
829_a,866_b
1387_a,652_b
1387_a,944_b
2888_a,392_b
2888_a,761_b
2888_a,866_b
16_a,307_b
16_a,423_b
16_a,728_b
722_a,307_b
722_a,423_b
722_a,728_b
1703_a,307_b
1703_a,423_b
1703_a,728_b
2241_a,307_b
2241_a,423_b
2241_a,728_b
1171_a,232_b
1171_a,781_b
1171_a,308_b
1171_a,448_b
1171_a,776_b
1969_a,232_b
1969_a,781_b
1969_a,308_b
1969_a,448_b
1969_a,776_b
3325_a,634_b
807_a,884_b
807_a,357_b
807_a,595_b
807_a,796_b
1210_a,369_b
1210_a,498_b
1210_a,869_b
1210_a,73_b
1210_a,682_b
1210_a,887_b
1210_a,599_b
1210_a,731_b
1329_a,369_b
1329_a,498_b
1329_a,869_b
1329_a,73_b
1329_a,682_b
1329_a,887_b
1329_a,599_b
1329_a,731_b
3362_a,369_b
3362_a,498_b
3362_a,869_b
3362_a,73_b
3362_a,682_b
3362_a,887_b
3362_a,599_b
3362_a,731_b
217_a,180_b
217_a,314_b
217_a,434_b
1739_a,180_b
1739_a,314_b
1739_a,434_b
2435_a,180_b
2435_a,314_b
2435_a,434_b
3616_a,261_b
3616_a,729_b
1324_a,163_b
1956_a,163_b
3558_a,163_b
916_a,271_b
916_a,415_b
1923_a,271_b
1923_a,415_b
2220_a,271_b
2220_a,415_b
3117_a,271_b
3117_a,415_b
238_a,65_b
238_a,229_b
238_a,386_b
238_a,717_b
238_a,369_b
238_a,498_b
238_a,869_b
238_a,340_b
238_a,365_b
238_a,25_b
238_a,133_b
238_a,325_b
657_a,65_b
657_a,229_b
657_a,386_b
657_a,717_b
657_a,369_b
657_a,498_b
657_a,869_b
657_a,340_b
657_a,365_b
657_a,25_b
657_a,133_b
657_a,325_b
2439_a,45_b
2439_a,884_b
2439_a,750_b
2439_a,900_b
3202_a,65_b
3202_a,229_b
3202_a,386_b
3202_a,717_b
3202_a,369_b
3202_a,498_b
3202_a,869_b
3202_a,340_b
3202_a,365_b
3202_a,25_b
3202_a,133_b
3202_a,325_b
698_a,138_b
698_a,92_b
698_a,572_b
698_a,657_b
1669_a,67_b
1669_a,266_b
1669_a,646_b
1669_a,744_b
2290_a,67_b
2290_a,266_b
2290_a,646_b
2290_a,744_b
13_a,242_b
13_a,573_b
32_a,242_b
32_a,573_b
99_a,780_b
1975_a,242_b
1975_a,573_b
675_a,496_b
2394_a,496_b
3048_a,361_b
3048_a,410_b
3048_a,443_b
3048_a,852_b
3048_a,213_b
3048_a,783_b
3048_a,915_b
3061_a,361_b
3061_a,410_b
3061_a,443_b
3061_a,852_b
3061_a,213_b
3061_a,783_b
3061_a,915_b
289_a,192_b
1297_a,192_b
1433_a,192_b
1893_a,510_b
1893_a,745_b
1893_a,764_b
1432_a,144_b
1432_a,458_b
1432_a,659_b
1432_a,727_b
1782_a,285_b
1782_a,313_b
1782_a,404_b
2389_a,285_b
2389_a,313_b
2389_a,404_b
3037_a,285_b
3037_a,313_b
3037_a,404_b
666_a,215_b
666_a,431_b
666_a,522_b
666_a,706_b
2013_a,215_b
2013_a,431_b
2013_a,522_b
2013_a,706_b
2265_a,215_b
2265_a,431_b
2265_a,522_b
2265_a,706_b
732_a,529_b
2736_a,529_b
2946_a,529_b
3736_a,529_b
1166_a,196_b
1166_a,276_b
1166_a,947_b
2655_a,196_b
2655_a,276_b
2655_a,947_b
3610_a,196_b
3610_a,276_b
3610_a,947_b
1048_a,78_b
1048_a,689_b
1048_a,820_b
1791_a,78_b
1791_a,689_b
1791_a,820_b
2808_a,78_b
2808_a,689_b
2808_a,820_b
2840_a,78_b
2840_a,689_b
2840_a,820_b
587_a,145_b
587_a,526_b
587_a,546_b
587_a,906_b
587_a,986_b
782_a,145_b
782_a,526_b
782_a,546_b
782_a,906_b
782_a,986_b
2568_a,145_b
2568_a,526_b
2568_a,546_b
2568_a,906_b
2568_a,986_b
3641_a,145_b
3641_a,526_b
3641_a,546_b
3641_a,906_b
3641_a,986_b
455_a,166_b
455_a,174_b
455_a,571_b
1153_a,166_b
1153_a,174_b
1153_a,571_b
3279_a,166_b
3279_a,174_b
3279_a,571_b
333_a,718_b
851_a,718_b
1249_a,718_b
2525_a,718_b
1097_a,260_b
1097_a,345_b
1097_a,945_b
1097_a,221_b
1097_a,236_b
1097_a,425_b
1097_a,926_b
2939_a,260_b
2939_a,345_b
2939_a,945_b
2939_a,221_b
2939_a,236_b
2939_a,425_b
2939_a,926_b
3210_a,650_b
3210_a,895_b
3210_a,857_b
3433_a,260_b
3433_a,345_b
3433_a,945_b
3433_a,221_b
3433_a,236_b
3433_a,425_b
3433_a,926_b
205_a,89_b
205_a,97_b
205_a,568_b
205_a,200_b
205_a,301_b
480_a,89_b
480_a,97_b
480_a,568_b
480_a,200_b
480_a,301_b
2179_a,89_b
2179_a,97_b
2179_a,568_b
2179_a,200_b
2179_a,301_b
2411_a,89_b
2411_a,97_b
2411_a,568_b
2411_a,200_b
2411_a,301_b
417_a,650_b
417_a,895_b
1757_a,260_b
1757_a,345_b
1757_a,945_b
2182_a,260_b
2182_a,345_b
2182_a,945_b
3070_a,260_b
3070_a,345_b
3070_a,945_b
179_a,541_b
273_a,541_b
298_a,541_b
502_a,42_b
502_a,846_b
847_a,368_b
847_a,640_b
847_a,831_b
847_a,612_b
847_a,967_b
1773_a,368_b
1773_a,640_b
1773_a,831_b
1773_a,612_b
1773_a,967_b
3125_a,368_b
3125_a,640_b
3125_a,831_b
3125_a,612_b
3125_a,967_b
3690_a,679_b
3690_a,62_b
3690_a,141_b
1270_a,697_b
1270_a,714_b
1270_a,839_b
2070_a,697_b
2070_a,714_b
2070_a,839_b
3233_a,697_b
3233_a,714_b
3233_a,839_b
3702_a,697_b
3702_a,714_b
3702_a,839_b
1413_a,42_b
1413_a,846_b
1601_a,42_b
1601_a,846_b
2981_a,42_b
2981_a,846_b
661_a,188_b
661_a,324_b
661_a,606_b
1935_a,280_b
2142_a,188_b
2142_a,324_b
2142_a,606_b
2398_a,280_b
581_a,598_b
581_a,600_b
581_a,724_b
581_a,992_b
1696_a,598_b
1696_a,600_b
1696_a,724_b
1696_a,992_b
3110_a,598_b
3110_a,600_b
3110_a,724_b
3110_a,992_b
1021_a,354_b
1021_a,561_b
1021_a,773_b
1732_a,354_b
1732_a,561_b
1732_a,773_b
2500_a,354_b
2500_a,561_b
2500_a,773_b
3198_a,354_b
3198_a,561_b
3198_a,773_b
501_a,460_b
501_a,778_b
1340_a,460_b
1340_a,778_b
2558_a,460_b
2558_a,778_b
3083_a,660_b
2935_a,226_b
2935_a,316_b
2935_a,400_b
2935_a,870_b
1650_a,99_b
1650_a,243_b
1650_a,438_b
1650_a,859_b
1650_a,962_b
2160_a,99_b
2160_a,243_b
2160_a,438_b
2160_a,859_b
2160_a,962_b
2407_a,99_b
2407_a,243_b
2407_a,438_b
2407_a,859_b
2407_a,962_b
1075_a,361_b
1075_a,410_b
1075_a,443_b
1075_a,852_b
1075_a,213_b
1075_a,783_b
1075_a,915_b
1317_a,361_b
1317_a,410_b
1317_a,443_b
1317_a,852_b
1317_a,213_b
1317_a,783_b
1317_a,915_b
3480_a,496_b
3638_a,361_b
3638_a,410_b
3638_a,443_b
3638_a,852_b
3638_a,213_b
3638_a,783_b
3638_a,915_b
568_a,99_b
568_a,243_b
568_a,438_b
568_a,859_b
568_a,962_b
1587_a,99_b
1587_a,243_b
1587_a,438_b
1587_a,859_b
1587_a,962_b
2460_a,99_b
2460_a,243_b
2460_a,438_b
2460_a,859_b
2460_a,962_b
2466_a,99_b
2466_a,243_b
2466_a,438_b
2466_a,859_b
2466_a,962_b
1767_a,746_b
1767_a,366_b
1767_a,798_b
2404_a,464_b
2404_a,633_b
2404_a,10_b
2404_a,747_b
3297_a,746_b
3297_a,366_b
3297_a,798_b
3508_a,464_b
3508_a,633_b
3508_a,10_b
3508_a,747_b
753_a,91_b
753_a,343_b
917_a,254_b
917_a,284_b
917_a,177_b
917_a,836_b
2117_a,254_b
2117_a,284_b
2117_a,177_b
2117_a,836_b
2659_a,254_b
2659_a,284_b
2659_a,177_b
2659_a,836_b
1186_a,148_b
1186_a,880_b
1370_a,388_b
2261_a,148_b
2261_a,880_b
2477_a,148_b
2477_a,880_b
1438_a,234_b
1438_a,315_b
1438_a,471_b
1438_a,934_b
1453_a,234_b
1453_a,315_b
1453_a,471_b
1453_a,934_b
1353_a,206_b
1353_a,651_b
1353_a,829_b
2548_a,206_b
2548_a,651_b
2548_a,829_b
2705_a,206_b
2705_a,651_b
2705_a,829_b
3001_a,206_b
3001_a,651_b
3001_a,829_b
825_a,188_b
825_a,324_b
825_a,606_b
1709_a,188_b
1709_a,324_b
1709_a,606_b
2716_a,188_b
2716_a,324_b
2716_a,606_b
3744_a,280_b
371_a,63_b
371_a,488_b
371_a,918_b
658_a,63_b
658_a,488_b
658_a,918_b
2491_a,63_b
2491_a,488_b
2491_a,918_b
3235_a,63_b
3235_a,488_b
3235_a,918_b
2086_a,464_b
2086_a,633_b
2240_a,746_b
3049_a,464_b
3049_a,633_b
3677_a,746_b
1603_a,430_b
1809_a,549_b
1809_a,978_b
1809_a,980_b
3438_a,549_b
3438_a,978_b
3438_a,980_b
168_a,91_b
372_a,91_b
517_a,254_b
517_a,284_b
1879_a,254_b
1879_a,284_b
1139_a,63_b
1139_a,488_b
1139_a,918_b
3535_a,63_b
3535_a,488_b
3535_a,918_b
337_a,368_b
337_a,640_b
337_a,831_b
1741_a,368_b
1741_a,640_b
1741_a,831_b
2104_a,368_b
2104_a,640_b
2104_a,831_b
2581_a,368_b
2581_a,640_b
2581_a,831_b
3277_a,482_b
3277_a,794_b
3565_a,482_b
3565_a,794_b
3591_a,482_b
3591_a,794_b
3742_a,482_b
3742_a,794_b
15_a,150_b
15_a,581_b
15_a,590_b
15_a,909_b
15_a,230_b
15_a,552_b
15_a,578_b
15_a,733_b
15_a,914_b
3082_a,150_b
3082_a,581_b
3082_a,590_b
3082_a,909_b
3082_a,230_b
3082_a,552_b
3082_a,578_b
3082_a,733_b
3082_a,914_b
3116_a,150_b
3116_a,581_b
3116_a,590_b
3116_a,909_b
3116_a,230_b
3116_a,552_b
3116_a,578_b
3116_a,733_b
3116_a,914_b
3776_a,150_b
3776_a,581_b
3776_a,590_b
3776_a,909_b
3776_a,230_b
3776_a,552_b
3776_a,578_b
3776_a,733_b
3776_a,914_b
440_a,227_b
682_a,196_b
682_a,276_b
682_a,947_b
696_a,196_b
696_a,276_b
696_a,947_b
2433_a,196_b
2433_a,276_b
2433_a,947_b
1378_a,206_b
1378_a,651_b
1378_a,829_b
1728_a,206_b
1728_a,651_b
1728_a,829_b
2959_a,206_b
2959_a,651_b
2959_a,829_b
133_a,108_b
133_a,504_b
133_a,693_b
466_a,108_b
466_a,504_b
466_a,693_b
776_a,289_b
1061_a,108_b
1061_a,504_b
1061_a,693_b
1338_a,322_b
1338_a,387_b
2391_a,322_b
2391_a,387_b
3753_a,322_b
3753_a,387_b
3770_a,748_b
1839_a,110_b
1839_a,252_b
1839_a,649_b
1839_a,873_b
2361_a,110_b
2361_a,252_b
2361_a,649_b
2361_a,873_b
2880_a,110_b
2880_a,252_b
2880_a,649_b
2880_a,873_b
3854_a,110_b
3854_a,252_b
3854_a,649_b
3854_a,873_b
389_a,650_b
389_a,895_b
389_a,857_b
890_a,650_b
890_a,895_b
890_a,857_b
944_a,650_b
944_a,895_b
944_a,857_b
3522_a,260_b
3522_a,345_b
3522_a,945_b
3522_a,221_b
3522_a,236_b
3522_a,425_b
3522_a,926_b
2719_a,109_b
2719_a,492_b
2719_a,949_b
2719_a,36_b
2719_a,515_b
2719_a,788_b
2719_a,815_b
2719_a,378_b
2719_a,617_b
2719_a,61_b
2719_a,272_b
2719_a,442_b
2844_a,109_b
2844_a,492_b
2844_a,949_b
2844_a,36_b
2844_a,515_b
2844_a,788_b
2844_a,815_b
2844_a,378_b
2844_a,617_b
2844_a,61_b
2844_a,272_b
2844_a,442_b
3075_a,173_b
3075_a,155_b
3075_a,672_b
3075_a,897_b
1114_a,144_b
1114_a,458_b
1114_a,659_b
1114_a,727_b
1267_a,113_b
1267_a,449_b
1267_a,635_b
1267_a,886_b
1641_a,113_b
1641_a,449_b
1641_a,635_b
1641_a,886_b
1867_a,113_b
1867_a,449_b
1867_a,635_b
1867_a,886_b
2297_a,916_b
111_a,41_b
111_a,878_b
111_a,942_b
2542_a,457_b
3436_a,457_b
3695_a,457_b
1632_a,215_b
1632_a,431_b
1632_a,522_b
1632_a,706_b
1819_a,215_b
1819_a,431_b
1819_a,522_b
1819_a,706_b
1864_a,215_b
1864_a,431_b
1864_a,522_b
1864_a,706_b
2562_a,215_b
2562_a,431_b
2562_a,522_b
2562_a,706_b
1083_a,273_b
1083_a,456_b
1083_a,518_b
1083_a,946_b
2130_a,273_b
2130_a,456_b
2130_a,518_b
2130_a,946_b
2224_a,273_b
2224_a,456_b
2224_a,518_b
2224_a,946_b
3519_a,273_b
3519_a,456_b
3519_a,518_b
3519_a,946_b
938_a,308_b
938_a,448_b
938_a,776_b
1261_a,308_b
1261_a,448_b
1261_a,776_b
2286_a,308_b
2286_a,448_b
2286_a,776_b
839_a,116_b
839_a,125_b
839_a,455_b
1113_a,116_b
1113_a,125_b
1113_a,455_b
1445_a,116_b
1445_a,125_b
1445_a,455_b
1182_a,59_b
1182_a,441_b
1182_a,587_b
1182_a,591_b
2344_a,117_b
2344_a,512_b
2344_a,892_b
2344_a,953_b
2635_a,59_b
2635_a,441_b
2635_a,587_b
2635_a,591_b
3583_a,59_b
3583_a,441_b
3583_a,587_b
3583_a,591_b
1418_a,41_b
1418_a,878_b
1418_a,942_b
2042_a,457_b
2843_a,41_b
2843_a,878_b
2843_a,942_b
3031_a,41_b
3031_a,878_b
3031_a,942_b
377_a,215_b
377_a,431_b
377_a,522_b
377_a,706_b
663_a,215_b
663_a,431_b
663_a,522_b
663_a,706_b
2198_a,215_b
2198_a,431_b
2198_a,522_b
2198_a,706_b
2340_a,215_b
2340_a,431_b
2340_a,522_b
2340_a,706_b
2735_a,54_b
2735_a,298_b
2735_a,428_b
2735_a,997_b
2767_a,54_b
2767_a,298_b
2767_a,428_b
2767_a,997_b
3216_a,54_b
3216_a,298_b
3216_a,428_b
3216_a,997_b
1240_a,109_b
1240_a,492_b
1240_a,949_b
1240_a,155_b
1240_a,672_b
1240_a,897_b
1706_a,173_b
1706_a,36_b
1706_a,515_b
1706_a,788_b
1706_a,815_b
1706_a,378_b
1706_a,617_b
3447_a,109_b
3447_a,492_b
3447_a,949_b
3447_a,155_b
3447_a,672_b
3447_a,897_b
386_a,220_b
386_a,964_b
386_a,874_b
491_a,220_b
491_a,964_b
491_a,874_b
1719_a,220_b
1719_a,964_b
1719_a,874_b
3276_a,220_b
3276_a,964_b
3276_a,874_b
1040_a,116_b
1040_a,125_b
1040_a,455_b
1326_a,116_b
1326_a,125_b
1326_a,455_b
3375_a,116_b
3375_a,125_b
3375_a,455_b
