index,street_number,postcode,state,date_of_birth,salary-class
33_b,[1-231],[2069-2195],"['nsw', 'qld', 'vic']",[19001115-19100210],>50K
336_b,[1-231],[2069-2195],"['nsw', 'qld', 'vic']",[19001115-19100210],<=50K
514_b,[1-231],[2069-2195],"['nsw', 'qld', 'vic']",[19001115-19100210],<=50K
696_b,[1-231],[2069-2195],"['nsw', 'qld', 'vic']",[19001115-19100210],>50K
712_b,[1-231],[2069-2195],"['nsw', 'qld', 'vic']",[19001115-19100210],<=50K
185_b,[3-323],[2000-2107],"['nsw', 'qld', 'sa', 'wa']",[19011012-19080513],<=50K
216_b,[3-323],[2000-2107],"['nsw', 'qld', 'sa', 'wa']",[19011012-19080513],<=50K
251_b,[3-323],[2000-2107],"['nsw', 'qld', 'sa', 'wa']",[19011012-19080513],<=50K
686_b,[3-323],[2000-2107],"['nsw', 'qld', 'sa', 'wa']",[19011012-19080513],<=50K
864_b,[3-323],[2000-2107],"['nsw', 'qld', 'sa', 'wa']",[19011012-19080513],<=50K
482_b,[5-484],[2088-2164],"['act', 'nsw', 'vic']",[19000619-19101002],<=50K
502_b,[5-484],[2088-2164],"['act', 'nsw', 'vic']",[19000619-19101002],>50K
506_b,[5-484],[2088-2164],"['act', 'nsw', 'vic']",[19000619-19101002],>50K
794_b,[5-484],[2088-2164],"['act', 'nsw', 'vic']",[19000619-19101002],<=50K
89_b,[7-609],[2016-2170],"['tas', 'vic']",[19010712-19120624],<=50K
97_b,[7-609],[2016-2170],"['tas', 'vic']",[19010712-19120624],<=50K
568_b,[7-609],[2016-2170],"['tas', 'vic']",[19010712-19120624],<=50K
547_b,[2-18],[2196-2206],"['nsw', 'qld']",[19110520-19120808],>50K
643_b,[2-18],[2196-2206],"['nsw', 'qld']",[19110520-19120808],<=50K
841_b,[2-18],[2196-2206],"['nsw', 'qld']",[19110520-19120808],>50K
969_b,[2-18],[2196-2206],"['nsw', 'qld']",[19110520-19120808],<=50K
29_b,[2-67],[2227-2304],"['qld', 'sa', 'st', 'vic']",[19041007-19101225],>50K
85_b,[2-67],[2227-2304],"['qld', 'sa', 'st', 'vic']",[19041007-19101225],<=50K
467_b,[2-67],[2227-2304],"['qld', 'sa', 'st', 'vic']",[19041007-19101225],<=50K
879_b,[2-67],[2227-2304],"['qld', 'sa', 'st', 'vic']",[19041007-19101225],<=50K
59_b,[15-23],[2326-2340],"['nsw', 'vic']",[19000103-19041011],>50K
117_b,[15-23],[2326-2340],"['nsw', 'vic']",[19000103-19041011],<=50K
512_b,[15-23],[2326-2340],"['nsw', 'vic']",[19000103-19041011],<=50K
892_b,[15-23],[2326-2340],"['nsw', 'vic']",[19000103-19041011],<=50K
31_b,[34-46],[2411-2481],"['nsw', 'sa']",[19040204-19101219],<=50K
416_b,[34-46],[2411-2481],"['nsw', 'sa']",[19040204-19101219],>50K
881_b,[34-46],[2411-2481],"['nsw', 'sa']",[19040204-19101219],>50K
327_b,[12-123],[2565-2810],"['nsw', 'vic']",[19041223-19091028],<=50K
433_b,[12-123],[2565-2810],"['nsw', 'vic']",[19041223-19091028],<=50K
690_b,[12-123],[2565-2810],"['nsw', 'vic']",[19041223-19091028],<=50K
993_b,[12-123],[2565-2810],"['nsw', 'vic']",[19041223-19091028],<=50K
118_b,[14-204],[2529-2617],['vic'],[19010923-19110417],>50K
384_b,[14-204],[2529-2617],['vic'],[19010923-19110417],<=50K
930_b,[14-204],[2529-2617],['vic'],[19010923-19110417],<=50K
982_b,[14-204],[2529-2617],['vic'],[19010923-19110417],>50K
149_b,[26-440],[2578-3000],"['nsw', 'sa', 'vic', 'wa']",[19010405-19100830],<=50K
154_b,[26-440],[2578-3000],"['nsw', 'sa', 'vic', 'wa']",[19010405-19100830],<=50K
184_b,[26-440],[2578-3000],"['nsw', 'sa', 'vic', 'wa']",[19010405-19100830],>50K
490_b,[26-440],[2578-3000],"['nsw', 'sa', 'vic', 'wa']",[19010405-19100830],<=50K
306_b,[6-484],[2614-2765],"['qld', 'sa', 'vic']",[19010903-19070815],<=50K
543_b,[6-484],[2614-2765],"['qld', 'sa', 'vic']",[19010903-19070815],<=50K
763_b,[6-484],[2614-2765],"['qld', 'sa', 'vic']",[19010903-19070815],<=50K
872_b,[6-484],[2614-2765],"['qld', 'sa', 'vic']",[19010903-19070815],<=50K
160_b,[1-18],[3011-3081],"['nsw', 'qld', 'vic', 'wa']",[19000402-19071011],<=50K
218_b,[1-18],[3011-3081],"['nsw', 'qld', 'vic', 'wa']",[19000402-19071011],<=50K
395_b,[1-18],[3011-3081],"['nsw', 'qld', 'vic', 'wa']",[19000402-19071011],<=50K
466_b,[1-18],[3011-3081],"['nsw', 'qld', 'vic', 'wa']",[19000402-19071011],<=50K
935_b,[1-18],[3011-3081],"['nsw', 'qld', 'vic', 'wa']",[19000402-19071011],>50K
462_b,[119-123],[3095-3121],"['qld', 'vic']",[19020516-19061129],<=50K
565_b,[119-123],[3095-3121],"['qld', 'vic']",[19020516-19061129],>50K
734_b,[119-123],[3095-3121],"['qld', 'vic']",[19020516-19061129],<=50K
875_b,[119-123],[3095-3121],"['qld', 'vic']",[19020516-19061129],>50K
214_b,[21-61],[3180-3204],"['act', 'wa']",[19000706-19050712],<=50K
539_b,[21-61],[3180-3204],"['act', 'wa']",[19000706-19050712],>50K
882_b,[21-61],[3180-3204],"['act', 'wa']",[19000706-19050712],<=50K
264_b,[45-55],[3142-3191],['qld'],[19070524-19091213],<=50K
695_b,[45-55],[3142-3191],['qld'],[19070524-19091213],<=50K
720_b,[45-55],[3142-3191],['qld'],[19070524-19091213],<=50K
585_b,[1-10],[3337-3630],['qld'],[19030131-19060131],<=50K
668_b,[1-10],[3337-3630],['qld'],[19030131-19060131],<=50K
910_b,[1-10],[3337-3630],['qld'],[19030131-19060131],<=50K
974_b,[1-10],[3337-3630],['qld'],[19030131-19060131],<=50K
142_b,[15-187],[3669-4301],"['nsw', 'vic']",[19010221-19050414],<=50K
367_b,[15-187],[3669-4301],"['nsw', 'vic']",[19010221-19050414],<=50K
542_b,[15-187],[3669-4301],"['nsw', 'vic']",[19010221-19050414],<=50K
893_b,[15-187],[3669-4301],"['nsw', 'vic']",[19010221-19050414],<=50K
533_b,[2-27],[3777-4301],"['nsw', 'tas', 'vic']",[19021218-19050414],<=50K
648_b,[2-27],[3777-4301],"['nsw', 'tas', 'vic']",[19021218-19050414],<=50K
787_b,[2-27],[3777-4301],"['nsw', 'tas', 'vic']",[19021218-19050414],<=50K
824_b,[2-27],[3777-4301],"['nsw', 'tas', 'vic']",[19021218-19050414],>50K
38_b,[7-387],[3915-4178],"['nsw', 'sa', 'vic']",[19000322-19050815],<=50K
265_b,[7-387],[3915-4178],"['nsw', 'sa', 'vic']",[19000322-19050815],>50K
429_b,[7-387],[3915-4178],"['nsw', 'sa', 'vic']",[19000322-19050815],>50K
452_b,[7-387],[3915-4178],"['nsw', 'sa', 'vic']",[19000322-19050815],<=50K
4_b,[8-528],[4564-5084],"['act', 'nsw', 'qld', 'vic']",[19001220-19041120],<=50K
17_b,[8-528],[4564-5084],"['act', 'nsw', 'qld', 'vic']",[19001220-19041120],>50K
187_b,[8-528],[4564-5084],"['act', 'nsw', 'qld', 'vic']",[19001220-19041120],<=50K
472_b,[8-528],[4564-5084],"['act', 'nsw', 'qld', 'vic']",[19001220-19041120],<=50K
172_b,[34-53],[5108-6163],"['nsw', 'nt', 'vic']",[19000910-19050410],<=50K
257_b,[34-53],[5108-6163],"['nsw', 'nt', 'vic']",[19000910-19050410],<=50K
688_b,[34-53],[5108-6163],"['nsw', 'nt', 'vic']",[19000910-19050410],<=50K
858_b,[34-53],[5108-6163],"['nsw', 'nt', 'vic']",[19000910-19050410],<=50K
534_b,[2-377],[6210-6330],"['nsw', 'vic']",[19031229-19040922],<=50K
593_b,[2-377],[6210-6330],"['nsw', 'vic']",[19031229-19040922],<=50K
739_b,[2-377],[6210-6330],"['nsw', 'vic']",[19031229-19040922],>50K
844_b,[2-377],[6210-6330],"['nsw', 'vic']",[19031229-19040922],<=50K
192_b,[81-377],[6338-7249],"['nsw', 'tas', 'vic']",[19030720-19050313],<=50K
510_b,[81-377],[6338-7249],"['nsw', 'tas', 'vic']",[19030720-19050313],>50K
745_b,[81-377],[6338-7249],"['nsw', 'tas', 'vic']",[19030720-19050313],>50K
764_b,[81-377],[6338-7249],"['nsw', 'tas', 'vic']",[19030720-19050313],>50K
226_b,[11-14],[3274-4128],"['nsw', 'qld', 'vic']",[19061125-19090414],<=50K
316_b,[11-14],[3274-4128],"['nsw', 'qld', 'vic']",[19061125-19090414],<=50K
400_b,[11-14],[3274-4128],"['nsw', 'qld', 'vic']",[19061125-19090414],<=50K
870_b,[11-14],[3274-4128],"['nsw', 'qld', 'vic']",[19061125-19090414],<=50K
198_b,[25-302],[3630-4518],"['nsw', 'qld', 'tas']",[19070128-19111216],<=50K
575_b,[25-302],[3630-4518],"['nsw', 'qld', 'tas']",[19070128-19111216],>50K
636_b,[25-302],[3630-4518],"['nsw', 'qld', 'tas']",[19070128-19111216],<=50K
835_b,[25-302],[3630-4518],"['nsw', 'qld', 'tas']",[19070128-19111216],<=50K
320_b,[40-45],[3233-4220],"['nsw', 'qld', 'vic']",[19061006-19100212],<=50K
356_b,[40-45],[3233-4220],"['nsw', 'qld', 'vic']",[19061006-19100212],>50K
453_b,[40-45],[3233-4220],"['nsw', 'qld', 'vic']",[19061006-19100212],>50K
827_b,[40-45],[3233-4220],"['nsw', 'qld', 'vic']",[19061006-19100212],<=50K
191_b,[8-75],[3311-4108],"['sa', 'vic']",[19060517-19100915],<=50K
503_b,[8-75],[3311-4108],"['sa', 'vic']",[19060517-19100915],<=50K
816_b,[8-75],[3311-4108],"['sa', 'vic']",[19060517-19100915],<=50K
957_b,[8-75],[3311-4108],"['sa', 'vic']",[19060517-19100915],<=50K
18_b,[1-16],[4793-5264],"['nsw', 'sa', 'vic']",[19060622-19100412],>50K
146_b,[1-16],[4793-5264],"['nsw', 'sa', 'vic']",[19060622-19100412],>50K
671_b,[1-16],[4793-5264],"['nsw', 'sa', 'vic']",[19060622-19100412],>50K
965_b,[1-16],[4793-5264],"['nsw', 'sa', 'vic']",[19060622-19100412],<=50K
109_b,[17-43],[4740-5163],"['nsw', 'vic']",[19090104-19111028],<=50K
173_b,[17-43],[4740-5163],"['nsw', 'vic']",[19090104-19111028],>50K
492_b,[17-43],[4740-5163],"['nsw', 'vic']",[19090104-19111028],<=50K
949_b,[17-43],[4740-5163],"['nsw', 'vic']",[19090104-19111028],<=50K
72_b,[5-35],[6149-6333],"['nsw', 'vic']",[19081017-19120525],<=50K
222_b,[5-35],[6149-6333],"['nsw', 'vic']",[19081017-19120525],>50K
344_b,[5-35],[6149-6333],"['nsw', 'vic']",[19081017-19120525],<=50K
666_b,[5-35],[6149-6333],"['nsw', 'vic']",[19081017-19120525],<=50K
119_b,[5-45],[6343-7310],"['nsw', 'qld']",[19061028-19120407],<=50K
223_b,[5-45],[6343-7310],"['nsw', 'qld']",[19061028-19120407],<=50K
244_b,[5-45],[6343-7310],"['nsw', 'qld']",[19061028-19120407],<=50K
260_b,[1-26],[2035-2100],"['nsw', 'vic']",[19150106-19190603],<=50K
345_b,[1-26],[2035-2100],"['nsw', 'vic']",[19150106-19190603],<=50K
650_b,[1-26],[2035-2100],"['nsw', 'vic']",[19150106-19190603],>50K
895_b,[1-26],[2035-2100],"['nsw', 'vic']",[19150106-19190603],>50K
945_b,[1-26],[2035-2100],"['nsw', 'vic']",[19150106-19190603],<=50K
205_b,[14-29],[2114-2603],"['qkd', 'vic']",[19131103-19190926],<=50K
601_b,[14-29],[2114-2603],"['qkd', 'vic']",[19131103-19190926],<=50K
619_b,[14-29],[2114-2603],"['qkd', 'vic']",[19131103-19190926],<=50K
896_b,[14-29],[2114-2603],"['qkd', 'vic']",[19131103-19190926],<=50K
186_b,[35-371],[2226-2603],"['nsw', 'vic', 'wa']",[19160117-19190411],>50K
527_b,[35-371],[2226-2603],"['nsw', 'vic', 'wa']",[19160117-19190411],<=50K
544_b,[35-371],[2226-2603],"['nsw', 'vic', 'wa']",[19160117-19190411],>50K
751_b,[35-371],[2226-2603],"['nsw', 'vic', 'wa']",[19160117-19190411],<=50K
995_b,[35-371],[2226-2603],"['nsw', 'vic', 'wa']",[19160117-19190411],<=50K
130_b,[8-68],[2017-2049],"['nsw', 'qld', 'vic']",[19131019-19160228],<=50K
270_b,[8-68],[2017-2049],"['nsw', 'qld', 'vic']",[19131019-19160228],<=50K
536_b,[8-68],[2017-2049],"['nsw', 'qld', 'vic']",[19131019-19160228],<=50K
994_b,[8-68],[2017-2049],"['nsw', 'qld', 'vic']",[19131019-19160228],>50K
347_b,[10-122],[2014-2100],"['nsw', 'vic']",[19210630-19230413],>50K
610_b,[10-122],[2014-2100],"['nsw', 'vic']",[19210630-19230413],<=50K
730_b,[10-122],[2014-2100],"['nsw', 'vic']",[19210630-19230413],<=50K
821_b,[10-122],[2014-2100],"['nsw', 'vic']",[19210630-19230413],<=50K
885_b,[10-122],[2014-2100],"['nsw', 'vic']",[19210630-19230413],<=50K
368_b,[1-14],[2210-2560],"['nsw', 'qld', 'sa']",[19200815-19230918],<=50K
640_b,[1-14],[2210-2560],"['nsw', 'qld', 'sa']",[19200815-19230918],<=50K
679_b,[1-14],[2210-2560],"['nsw', 'qld', 'sa']",[19200815-19230918],>50K
831_b,[1-14],[2210-2560],"['nsw', 'qld', 'sa']",[19200815-19230918],<=50K
464_b,[2-38],[2077-2121],"['nsw', 'vic']",[19210928-19230326],<=50K
633_b,[2-38],[2077-2121],"['nsw', 'vic']",[19210928-19230326],<=50K
746_b,[2-38],[2077-2121],"['nsw', 'vic']",[19210928-19230326],>50K
75_b,[21-37],[2267-2603],"['vic', 'wa']",[19200714-19210624],<=50K
694_b,[21-37],[2267-2603],"['vic', 'wa']",[19200714-19210624],<=50K
708_b,[21-37],[2267-2603],"['vic', 'wa']",[19200714-19210624],<=50K
120_b,[1-14],[2839-3039],"['nsw', 'qld']",[19160602-19210721],<=50K
362_b,[1-14],[2839-3039],"['nsw', 'qld']",[19160602-19210721],<=50K
494_b,[1-14],[2839-3039],"['nsw', 'qld']",[19160602-19210721],>50K
811_b,[1-14],[2839-3039],"['nsw', 'qld']",[19160602-19210721],>50K
823_b,[1-14],[2839-3039],"['nsw', 'qld']",[19160602-19210721],<=50K
91_b,[25-184],[2756-3028],"['qld', 'vic']",[19161004-19190129],>50K
254_b,[25-184],[2756-3028],"['qld', 'vic']",[19161004-19190129],<=50K
284_b,[25-184],[2756-3028],"['qld', 'vic']",[19161004-19190129],<=50K
150_b,[1-25],[3048-3124],"['act', 'atc', 'vic']",[19160213-19180927],<=50K
581_b,[1-25],[3048-3124],"['act', 'atc', 'vic']",[19160213-19180927],<=50K
590_b,[1-25],[3048-3124],"['act', 'atc', 'vic']",[19160213-19180927],<=50K
909_b,[1-25],[3048-3124],"['act', 'atc', 'vic']",[19160213-19180927],<=50K
8_b,[3-8],[3048-3121],"['nsw', 'vic']",[19170726-19200929],<=50K
94_b,[3-8],[3048-3121],"['nsw', 'vic']",[19170726-19200929],<=50K
923_b,[3-8],[3048-3121],"['nsw', 'vic']",[19170726-19200929],<=50K
45_b,[1-15],[3173-3200],"['nsw', 'qld', 'vic']",[19161226-19220917],>50K
65_b,[1-15],[3173-3200],"['nsw', 'qld', 'vic']",[19161226-19220917],<=50K
229_b,[1-15],[3173-3200],"['nsw', 'qld', 'vic']",[19161226-19220917],<=50K
386_b,[1-15],[3173-3200],"['nsw', 'qld', 'vic']",[19161226-19220917],<=50K
717_b,[1-15],[3173-3200],"['nsw', 'qld', 'vic']",[19161226-19220917],<=50K
253_b,[16-175],[3139-3162],"['qld', 'tas']",[19151003-19210817],<=50K
665_b,[16-175],[3139-3162],"['qld', 'tas']",[19151003-19210817],>50K
737_b,[16-175],[3139-3162],"['qld', 'tas']",[19151003-19210817],<=50K
10_b,[2-24],[3152-3197],"['nsw', 'qld', 'vic']",[19140520-19200510],<=50K
366_b,[2-24],[3152-3197],"['nsw', 'qld', 'vic']",[19140520-19200510],>50K
747_b,[2-24],[3152-3197],"['nsw', 'qld', 'vic']",[19140520-19200510],<=50K
798_b,[2-24],[3152-3197],"['nsw', 'qld', 'vic']",[19140520-19200510],>50K
445_b,[3-45],[3136-3182],['qld'],[19150920-19160808],>50K
579_b,[3-45],[3136-3182],['qld'],[19150920-19160808],<=50K
932_b,[3-45],[3136-3182],['qld'],[19150920-19160808],<=50K
233_b,[12-106],[3213-3444],"['qld', 'vic']",[19151219-19171125],<=50K
372_b,[12-106],[3213-3444],"['qld', 'vic']",[19151219-19171125],<=50K
621_b,[12-106],[3213-3444],"['qld', 'vic']",[19151219-19171125],<=50K
805_b,[12-106],[3213-3444],"['qld', 'vic']",[19151219-19171125],<=50K
975_b,[12-106],[3213-3444],"['qld', 'vic']",[19151219-19171125],<=50K
143_b,[1-264],[3500-3805],"['nsw', 'qld']",[19140227-19210222],<=50K
385_b,[1-264],[3500-3805],"['nsw', 'qld']",[19140227-19210222],<=50K
528_b,[1-264],[3500-3805],"['nsw', 'qld']",[19140227-19210222],<=50K
392_b,[19-1215],[3850-4021],"['nsw', 'qld']",[19130115-19180501],>50K
652_b,[19-1215],[3850-4021],"['nsw', 'qld']",[19130115-19180501],<=50K
761_b,[19-1215],[3850-4021],"['nsw', 'qld']",[19130115-19180501],>50K
866_b,[19-1215],[3850-4021],"['nsw', 'qld']",[19130115-19180501],>50K
944_b,[19-1215],[3850-4021],"['nsw', 'qld']",[19130115-19180501],<=50K
56_b,[6-56],[3815-3931],"['nsw', 'qld']",[19140410-19210324],<=50K
86_b,[6-56],[3815-3931],"['nsw', 'qld']",[19140410-19210324],<=50K
239_b,[6-56],[3815-3931],"['nsw', 'qld']",[19140410-19210324],>50K
23_b,[14-24],[4061-4118],"['act', 'nsw', 'qld']",[19170308-19211118],<=50K
337_b,[14-24],[4061-4118],"['act', 'nsw', 'qld']",[19170308-19211118],<=50K
567_b,[14-24],[4061-4118],"['act', 'nsw', 'qld']",[19170308-19211118],<=50K
830_b,[14-24],[4061-4118],"['act', 'nsw', 'qld']",[19170308-19211118],>50K
973_b,[14-24],[4061-4118],"['act', 'nsw', 'qld']",[19170308-19211118],<=50K
114_b,[7-8],[4035-4111],"['nsw', 'qld']",[19160902-19171217],>50K
513_b,[7-8],[4035-4111],"['nsw', 'qld']",[19160902-19171217],<=50K
901_b,[7-8],[4035-4111],"['nsw', 'qld']",[19160902-19171217],<=50K
67_b,[1-27],[4151-4221],"['act', 'nsw', 'vic']",[19130618-19221120],<=50K
138_b,[1-27],[4151-4221],"['act', 'nsw', 'vic']",[19130618-19221120],>50K
266_b,[1-27],[4151-4221],"['act', 'nsw', 'vic']",[19130618-19221120],<=50K
646_b,[1-27],[4151-4221],"['act', 'nsw', 'vic']",[19130618-19221120],<=50K
232_b,[16-21],[4226-4504],['vic'],[19140801-19200327],<=50K
634_b,[16-21],[4226-4504],['vic'],[19140801-19200327],>50K
781_b,[16-21],[4226-4504],['vic'],[19140801-19200327],<=50K
369_b,[15-36],[4573-4740],"['nsw', 'qld']",[19130206-19180805],<=50K
498_b,[15-36],[4573-4740],"['nsw', 'qld']",[19130206-19180805],<=50K
869_b,[15-36],[4573-4740],"['nsw', 'qld']",[19130206-19180805],<=50K
884_b,[15-36],[4573-4740],"['nsw', 'qld']",[19130206-19180805],>50K
179_b,[60-815],[4510-4650],"['act', 'vic', 'wa']",[19160503-19220524],<=50K
207_b,[60-815],[4510-4650],"['act', 'vic', 'wa']",[19160503-19220524],<=50K
363_b,[60-815],[4510-4650],"['act', 'vic', 'wa']",[19160503-19220524],<=50K
911_b,[60-815],[4510-4650],"['act', 'vic', 'wa']",[19160503-19220524],<=50K
507_b,[15-20],[4870-5042],"['nsw', 'vic']",[19170311-19210805],>50K
664_b,[15-20],[4870-5042],"['nsw', 'vic']",[19170311-19210805],<=50K
752_b,[15-20],[4870-5042],"['nsw', 'vic']",[19170311-19210805],>50K
958_b,[15-20],[4870-5042],"['nsw', 'vic']",[19170311-19210805],<=50K
70_b,[9-219],[4810-5031],"['nsw', 'qld', 'vic']",[19141202-19210926],<=50K
87_b,[9-219],[4810-5031],"['nsw', 'qld', 'vic']",[19141202-19210926],<=50K
511_b,[9-219],[4810-5031],"['nsw', 'qld', 'vic']",[19141202-19210926],>50K
255_b,[15-45],[5049-6012],"['nsw', 'vic']",[19150910-19200610],<=50K
655_b,[15-45],[5049-6012],"['nsw', 'vic']",[19150910-19200610],<=50K
670_b,[15-45],[5049-6012],"['nsw', 'vic']",[19150910-19200610],<=50K
855_b,[15-45],[5049-6012],"['nsw', 'vic']",[19150910-19200610],<=50K
919_b,[15-45],[5049-6012],"['nsw', 'vic']",[19150910-19200610],<=50K
181_b,[61-88],[5108-5171],"['nsw', 'vic']",[19151112-19210430],<=50K
436_b,[61-88],[5108-5171],"['nsw', 'vic']",[19151112-19210430],<=50K
800_b,[61-88],[5108-5171],"['nsw', 'vic']",[19151112-19210430],>50K
53_b,[3-40],[6155-6318],"['nsw', 'vic']",[19170312-19230129],<=50K
241_b,[3-40],[6155-6318],"['nsw', 'vic']",[19170312-19230129],>50K
304_b,[3-40],[6155-6318],"['nsw', 'vic']",[19170312-19230129],<=50K
339_b,[3-40],[6155-6318],"['nsw', 'vic']",[19170312-19230129],<=50K
170_b,[3-22],[6430-7018],"['nsw', 'tas']",[19140128-19190915],<=50K
474_b,[3-22],[6430-7018],"['nsw', 'tas']",[19140128-19190915],<=50K
499_b,[3-22],[6430-7018],"['nsw', 'tas']",[19140128-19190915],<=50K
71_b,[1-17],[2164-2287],"['nsw', 'qld', 'wa']",[19231111-19351121],<=50K
151_b,[1-17],[2164-2287],"['nsw', 'qld', 'wa']",[19231111-19351121],<=50K
275_b,[1-17],[2164-2287],"['nsw', 'qld', 'wa']",[19231111-19351121],>50K
480_b,[1-17],[2164-2287],"['nsw', 'qld', 'wa']",[19231111-19351121],>50K
826_b,[1-17],[2164-2287],"['nsw', 'qld', 'wa']",[19231111-19351121],>50K
238_b,[2-49],[1350-2131],"['nsw', 'qld', 'vic']",[19231010-19350423],<=50K
359_b,[2-49],[1350-2131],"['nsw', 'qld', 'vic']",[19231010-19350423],<=50K
850_b,[2-49],[1350-2131],"['nsw', 'qld', 'vic']",[19231010-19350423],<=50K
862_b,[2-49],[1350-2131],"['nsw', 'qld', 'vic']",[19231010-19350423],<=50K
49_b,[6-590],[2021-2160],"['nsw', 'qld', 'vic']",[19250202-19331015],>50K
283_b,[6-590],[2021-2160],"['nsw', 'qld', 'vic']",[19250202-19331015],<=50K
303_b,[6-590],[2021-2160],"['nsw', 'qld', 'vic']",[19250202-19331015],<=50K
379_b,[6-590],[2021-2160],"['nsw', 'qld', 'vic']",[19250202-19331015],<=50K
34_b,[6-98],[2166-2280],"['sa', 'vic', 'wa']",[19290715-19340213],>50K
182_b,[6-98],[2166-2280],"['sa', 'vic', 'wa']",[19290715-19340213],<=50K
420_b,[6-98],[2166-2280],"['sa', 'vic', 'wa']",[19290715-19340213],<=50K
889_b,[6-98],[2166-2280],"['sa', 'vic', 'wa']",[19290715-19340213],>50K
81_b,[8-297],[2290-2323],"['nsw', 'qld', 'wa']",[19271116-19350803],<=50K
246_b,[8-297],[2290-2323],"['nsw', 'qld', 'wa']",[19271116-19350803],<=50K
424_b,[8-297],[2290-2323],"['nsw', 'qld', 'wa']",[19271116-19350803],>50K
463_b,[8-297],[2290-2323],"['nsw', 'qld', 'wa']",[19271116-19350803],<=50K
766_b,[8-297],[2290-2323],"['nsw', 'qld', 'wa']",[19271116-19350803],<=50K
242_b,[13-30],[2340-2430],"['nsw', 'vic']",[19240413-19260703],<=50K
573_b,[13-30],[2340-2430],"['nsw', 'vic']",[19240413-19260703],<=50K
780_b,[13-30],[2340-2430],"['nsw', 'vic']",[19240413-19260703],>50K
380_b,[14-24],[2464-2529],"['nsw', 'vic', 'wa']",[19240510-19301128],<=50K
382_b,[14-24],[2464-2529],"['nsw', 'vic', 'wa']",[19240510-19301128],<=50K
677_b,[14-24],[2464-2529],"['nsw', 'vic', 'wa']",[19240510-19301128],<=50K
810_b,[14-24],[2464-2529],"['nsw', 'vic', 'wa']",[19240510-19301128],<=50K
902_b,[14-24],[2464-2529],"['nsw', 'vic', 'wa']",[19240510-19301128],<=50K
42_b,[33-96],[2530-2539],"['sa', 'vic']",[19261108-19360722],<=50K
541_b,[33-96],[2530-2539],"['sa', 'vic']",[19261108-19360722],>50K
846_b,[33-96],[2530-2539],"['sa', 'vic']",[19261108-19360722],<=50K
6_b,[9-276],[2541-2610],"['nsq', 'nsw', 'sa', 'vic']",[19250202-19341001],>50K
147_b,[9-276],[2541-2610],"['nsq', 'nsw', 'sa', 'vic']",[19250202-19341001],<=50K
323_b,[9-276],[2541-2610],"['nsq', 'nsw', 'sa', 'vic']",[19250202-19341001],<=50K
939_b,[9-276],[2541-2610],"['nsq', 'nsw', 'sa', 'vic']",[19250202-19341001],<=50K
27_b,[5-1042],[2619-2913],"['nsw', 'qld', 'vic']",[19250214-19340404],<=50K
128_b,[5-1042],[2619-2913],"['nsw', 'qld', 'vic']",[19250214-19340404],>50K
278_b,[5-1042],[2619-2913],"['nsw', 'qld', 'vic']",[19250214-19340404],<=50K
792_b,[5-1042],[2619-2913],"['nsw', 'qld', 'vic']",[19250214-19340404],>50K
169_b,[11-33],[3029-3125],"['nsw', 'vic']",[19310623-19331024],<=50K
391_b,[11-33],[3029-3125],"['nsw', 'vic']",[19310623-19331024],<=50K
685_b,[11-33],[3029-3125],"['nsw', 'vic']",[19310623-19331024],<=50K
853_b,[11-33],[3029-3125],"['nsw', 'vic']",[19310623-19331024],<=50K
519_b,[37-57],[3088-3113],"['qld', 'wa']",[19240223-19360622],<=50K
623_b,[37-57],[3088-3113],"['qld', 'wa']",[19240223-19360622],<=50K
822_b,[37-57],[3088-3113],"['qld', 'wa']",[19240223-19360622],<=50K
234_b,[13-202],[3137-3228],"['nsw', 'qld', 'vic']",[19241230-19251030],<=50K
315_b,[13-202],[3137-3228],"['nsw', 'qld', 'vic']",[19241230-19251030],<=50K
471_b,[13-202],[3137-3228],"['nsw', 'qld', 'vic']",[19241230-19251030],<=50K
934_b,[13-202],[3137-3228],"['nsw', 'qld', 'vic']",[19241230-19251030],<=50K
569_b,[6-146],[3152-3355],"['sa', 'vic']",[19280710-19310623],<=50K
692_b,[6-146],[3152-3355],"['sa', 'vic']",[19280710-19310623],<=50K
806_b,[6-146],[3152-3355],"['sa', 'vic']",[19280710-19310623],>50K
845_b,[6-146],[3152-3355],"['sa', 'vic']",[19280710-19310623],<=50K
215_b,[2-532],[3150-3175],['qld'],[19340625-19350423],<=50K
431_b,[2-532],[3150-3175],['qld'],[19340625-19350423],<=50K
522_b,[2-532],[3150-3175],['qld'],[19340625-19350423],<=50K
706_b,[2-532],[3150-3175],['qld'],[19340625-19350423],<=50K
123_b,[63-64],[3127-3193],['nsw'],[19331205-19350407],<=50K
588_b,[63-64],[3127-3193],['nsw'],[19331205-19350407],<=50K
863_b,[63-64],[3127-3193],['nsw'],[19331205-19350407],<=50K
450_b,[1-27],[3810-3892],"['nsw', 'sa']",[19250127-19340217],<=50K
501_b,[1-27],[3810-3892],"['nsw', 'sa']",[19250127-19340217],<=50K
753_b,[1-27],[3810-3892],"['nsw', 'sa']",[19250127-19340217],>50K
754_b,[1-27],[3810-3892],"['nsw', 'sa']",[19250127-19340217],<=50K
269_b,[31-92],[3377-3636],"['nsw', 'sa', 'vic']",[19250214-19360512],<=50K
401_b,[31-92],[3377-3636],"['nsw', 'sa', 'vic']",[19250214-19360512],>50K
520_b,[31-92],[3377-3636],"['nsw', 'sa', 'vic']",[19250214-19360512],<=50K
907_b,[31-92],[3377-3636],"['nsw', 'sa', 'vic']",[19250214-19360512],>50K
577_b,[6-1721],[3976-4053],"['nsw', 'sa', 'tas']",[19270607-19341111],<=50K
698_b,[6-1721],[3976-4053],"['nsw', 'sa', 'tas']",[19270607-19341111],<=50K
769_b,[6-1721],[3976-4053],"['nsw', 'sa', 'tas']",[19270607-19341111],<=50K
791_b,[6-1721],[3976-4053],"['nsw', 'sa', 'tas']",[19270607-19341111],>50K
971_b,[6-1721],[3976-4053],"['nsw', 'sa', 'tas']",[19270607-19341111],<=50K
397_b,[4-28],[4055-4068],"['sa', 'vic']",[19270607-19280919],<=50K
684_b,[4-28],[4055-4068],"['sa', 'vic']",[19270607-19280919],<=50K
963_b,[4-28],[4055-4068],"['sa', 'vic']",[19270607-19280919],<=50K
82_b,[1-20],[4107-4152],"['qld', 'wa']",[19250617-19290219],<=50K
103_b,[1-20],[4107-4152],"['qld', 'wa']",[19250617-19290219],<=50K
642_b,[1-20],[4107-4152],"['qld', 'wa']",[19250617-19290219],>50K
981_b,[1-20],[4107-4152],"['qld', 'wa']",[19250617-19290219],<=50K
403_b,[34-57],[4127-4178],['nsw'],[19320411-19340907],<=50K
417_b,[34-57],[4127-4178],['nsw'],[19320411-19340907],<=50K
970_b,[34-57],[4127-4178],['nsw'],[19320411-19340907],>50K
984_b,[34-57],[4127-4178],['nsw'],[19320411-19340907],>50K
96_b,[11-54],[4207-4280],"['nsw', 'qld', 'vic']",[19231009-19290702],>50K
220_b,[11-54],[4207-4280],"['nsw', 'qld', 'vic']",[19231009-19290702],<=50K
398_b,[11-54],[4207-4280],"['nsw', 'qld', 'vic']",[19231009-19290702],>50K
964_b,[11-54],[4207-4280],"['nsw', 'qld', 'vic']",[19231009-19290702],<=50K
231_b,[13-49],[4303-4405],"['qld', 'vic', 'wa']",[19270529-19340129],<=50K
288_b,[13-49],[4303-4405],"['qld', 'vic', 'wa']",[19270529-19340129],<=50K
558_b,[13-49],[4303-4405],"['qld', 'vic', 'wa']",[19270529-19340129],<=50K
961_b,[13-49],[4303-4405],"['qld', 'vic', 'wa']",[19270529-19340129],>50K
582_b,[22-32],[4502-4680],"['nsw', 'qld', 'vic']",[19240721-19341104],<=50K
589_b,[22-32],[4502-4680],"['nsw', 'qld', 'vic']",[19240721-19341104],<=50K
616_b,[22-32],[4502-4680],"['nsw', 'qld', 'vic']",[19240721-19341104],<=50K
732_b,[22-32],[4502-4680],"['nsw', 'qld', 'vic']",[19240721-19341104],<=50K
867_b,[22-32],[4502-4680],"['nsw', 'qld', 'vic']",[19240721-19341104],<=50K
999_b,[22-32],[4502-4680],"['nsw', 'qld', 'vic']",[19240721-19341104],<=50K
548_b,[17-32],[4715-4812],"['nsw', 'sa', 'vic']",[19250525-19250828],>50K
551_b,[17-32],[4715-4812],"['nsw', 'sa', 'vic']",[19250525-19250828],>50K
802_b,[17-32],[4715-4812],"['nsw', 'sa', 'vic']",[19250525-19250828],<=50K
11_b,[19-306],[5012-5041],"['qld', 'vic']",[19250615-19330121],<=50K
139_b,[19-306],[5012-5041],"['qld', 'vic']",[19250615-19330121],<=50K
249_b,[19-306],[5012-5041],"['qld', 'vic']",[19250615-19330121],<=50K
208_b,[4-78],[4870-4883],"['nsw', 'qld']",[19251024-19300123],<=50K
597_b,[4-78],[4870-4883],"['nsw', 'qld']",[19251024-19300123],<=50K
755_b,[4-78],[4870-4883],"['nsw', 'qld']",[19251024-19300123],<=50K
88_b,[21-164],[5072-5280],"['nsw', 'vic', 'wa']",[19231230-19350212],<=50K
157_b,[21-164],[5072-5280],"['nsw', 'vic', 'wa']",[19231230-19350212],<=50K
613_b,[21-164],[5072-5280],"['nsw', 'vic', 'wa']",[19231230-19350212],<=50K
676_b,[21-164],[5072-5280],"['nsw', 'vic', 'wa']",[19231230-19350212],<=50K
954_b,[21-164],[5072-5280],"['nsw', 'vic', 'wa']",[19231230-19350212],<=50K
63_b,[3-25],[5043-5082],"['nsw', 'vic']",[19280525-19300602],<=50K
488_b,[3-25],[5043-5082],"['nsw', 'vic']",[19280525-19300602],<=50K
918_b,[3-25],[5043-5082],"['nsw', 'vic']",[19280525-19300602],<=50K
156_b,[5-44],[5087-6112],"['nsw', 'vic']",[19260814-19360708],<=50K
197_b,[5-44],[5087-6112],"['nsw', 'vic']",[19260814-19360708],<=50K
421_b,[5-44],[5087-6112],"['nsw', 'vic']",[19260814-19360708],<=50K
874_b,[5-44],[5087-6112],"['nsw', 'vic']",[19260814-19360708],>50K
26_b,[6-80],[6062-7315],['vic'],[19310124-19350824],>50K
476_b,[6-80],[6062-7315],['vic'],[19310124-19350824],<=50K
976_b,[6-80],[6062-7315],['vic'],[19310124-19350824],<=50K
51_b,[4-18],[2132-2195],"['nsw', 'vic']",[19380405-19400312],<=50K
637_b,[4-18],[2132-2195],"['nsw', 'vic']",[19380405-19400312],<=50K
673_b,[4-18],[2132-2195],"['nsw', 'vic']",[19380405-19400312],<=50K
740_b,[4-18],[2132-2195],"['nsw', 'vic']",[19380405-19400312],<=50K
989_b,[4-18],[2132-2195],"['nsw', 'vic']",[19380405-19400312],>50K
124_b,[16-124],[2229-2400],"['nsw', 'nws', 'sa', 'vic']",[19370412-19400330],<=50K
183_b,[16-124],[2229-2400],"['nsw', 'nws', 'sa', 'vic']",[19370412-19400330],<=50K
299_b,[16-124],[2229-2400],"['nsw', 'nws', 'sa', 'vic']",[19370412-19400330],<=50K
661_b,[16-124],[2229-2400],"['nsw', 'nws', 'sa', 'vic']",[19370412-19400330],>50K
310_b,[6-67],[2046-2170],"['qld', 'tas']",[19380522-19400708],<=50K
419_b,[6-67],[2046-2170],"['qld', 'tas']",[19380522-19400708],<=50K
521_b,[6-67],[2046-2170],"['qld', 'tas']",[19380522-19400708],<=50K
990_b,[6-67],[2046-2170],"['qld', 'tas']",[19380522-19400708],<=50K
399_b,[62-79],[2224-2229],"['nsw', 'qld']",[19380817-19381111],<=50K
716_b,[62-79],[2224-2229],"['nsw', 'qld']",[19380817-19381111],<=50K
937_b,[62-79],[2224-2229],"['nsw', 'qld']",[19380817-19381111],<=50K
152_b,[14-8185],[2500-2706],"['nsw', 'sa', 'vic']",[19360919-19390207],<=50K
350_b,[14-8185],[2500-2706],"['nsw', 'sa', 'vic']",[19360919-19390207],<=50K
713_b,[14-8185],[2500-2706],"['nsw', 'sa', 'vic']",[19360919-19390207],>50K
851_b,[14-8185],[2500-2706],"['nsw', 'sa', 'vic']",[19360919-19390207],>50K
517_b,[7-8185],[2745-2821],"['nsw', 'vic', 'wa']",[19370123-19390207],<=50K
625_b,[7-8185],[2745-2821],"['nsw', 'vic', 'wa']",[19370123-19390207],<=50K
691_b,[7-8185],[2745-2821],"['nsw', 'vic', 'wa']",[19370123-19390207],<=50K
950_b,[7-8185],[2745-2821],"['nsw', 'vic', 'wa']",[19370123-19390207],<=50K
204_b,[1-26],[3047-3134],"['vic', 'wa']",[19361103-19381019],<=50K
258_b,[1-26],[3047-3134],"['vic', 'wa']",[19361103-19381019],<=50K
481_b,[1-26],[3047-3134],"['vic', 'wa']",[19361103-19381019],>50K
977_b,[1-26],[3047-3134],"['vic', 'wa']",[19361103-19381019],<=50K
41_b,[9-67],[2907-3137],"['nsw', 'qld']",[19380131-19400406],>50K
457_b,[9-67],[2907-3137],"['nsw', 'qld']",[19380131-19400406],<=50K
878_b,[9-67],[2907-3137],"['nsw', 'qld']",[19380131-19400406],>50K
942_b,[9-67],[2907-3137],"['nsw', 'qld']",[19380131-19400406],>50K
16_b,[3-362],[2101-3042],"['nsw', 'tas', 'vic', 'wa']",[19402704-19410904],<=50K
683_b,[3-362],[2101-3042],"['nsw', 'tas', 'vic', 'wa']",[19402704-19410904],<=50K
767_b,[3-362],[2101-3042],"['nsw', 'tas', 'vic', 'wa']",[19402704-19410904],<=50K
891_b,[3-362],[2101-3042],"['nsw', 'tas', 'vic', 'wa']",[19402704-19410904],<=50K
998_b,[3-362],[2101-3042],"['nsw', 'tas', 'vic', 'wa']",[19402704-19410904],<=50K
108_b,[6-48],[2040-3042],"['nsw', 'qld', 'tas']",[19420704-19440419],<=50K
289_b,[6-48],[2040-3042],"['nsw', 'qld', 'tas']",[19420704-19440419],>50K
504_b,[6-48],[2040-3042],"['nsw', 'qld', 'tas']",[19420704-19440419],<=50K
693_b,[6-48],[2040-3042],"['nsw', 'qld', 'tas']",[19420704-19440419],<=50K
35_b,[12-212],[2153-3094],"['nsw', 'qld', 'wa']",[19440502-19450621],<=50K
64_b,[12-212],[2153-3094],"['nsw', 'qld', 'wa']",[19440502-19450621],<=50K
66_b,[12-212],[2153-3094],"['nsw', 'qld', 'wa']",[19440502-19450621],<=50K
126_b,[12-212],[2153-3094],"['nsw', 'qld', 'wa']",[19440502-19450621],>50K
598_b,[5-53],[2166-2905],"['nsw', 'vic']",[19450712-19451208],<=50K
600_b,[5-53],[2166-2905],"['nsw', 'vic']",[19450712-19451208],<=50K
724_b,[5-53],[2166-2905],"['nsw', 'vic']",[19450712-19451208],<=50K
992_b,[5-53],[2166-2905],"['nsw', 'vic']",[19450712-19451208],<=50K
24_b,[13-112],[2118-2154],"['nsw', 'tas']",[19460321-19470617],<=50K
349_b,[13-112],[2118-2154],"['nsw', 'tas']",[19460321-19470617],<=50K
611_b,[13-112],[2118-2154],"['nsw', 'tas']",[19460321-19470617],<=50K
938_b,[13-112],[2118-2154],"['nsw', 'tas']",[19460321-19470617],>50K
460_b,[15-49],[2232-2303],"['nsw', 'vic']",[19460105-19470305],<=50K
660_b,[15-49],[2232-2303],"['nsw', 'vic']",[19460105-19470305],>50K
778_b,[15-49],[2232-2303],"['nsw', 'vic']",[19460105-19470305],<=50K
57_b,[10-64],[2606-2756],"['nsw', 'qld', 'vic']",[19460109-19461112],>50K
297_b,[10-64],[2606-2756],"['nsw', 'qld', 'vic']",[19460109-19461112],<=50K
473_b,[10-64],[2606-2756],"['nsw', 'qld', 'vic']",[19460109-19461112],<=50K
790_b,[10-64],[2606-2756],"['nsw', 'qld', 'vic']",[19460109-19461112],<=50K
322_b,[2-10],[3020-3106],"['nsw', 'qld']",[19460521-19460615],<=50K
387_b,[2-10],[3020-3106],"['nsw', 'qld']",[19460521-19460615],<=50K
748_b,[2-10],[3020-3106],"['nsw', 'qld']",[19460521-19460615],>50K
54_b,[4-320],[3153-3173],"['nsw', 'sa', 'vic']",[19371028-19460615],<=50K
164_b,[4-320],[3153-3173],"['nsw', 'sa', 'vic']",[19371028-19460615],>50K
298_b,[4-320],[3153-3173],"['nsw', 'sa', 'vic']",[19371028-19460615],<=50K
428_b,[4-320],[3153-3173],"['nsw', 'sa', 'vic']",[19371028-19460615],<=50K
997_b,[4-320],[3153-3173],"['nsw', 'sa', 'vic']",[19371028-19460615],<=50K
201_b,[4-16],[3182-3183],"['nsw', 'vic']",[19420313-19440613],<=50K
667_b,[4-16],[3182-3183],"['nsw', 'vic']",[19420313-19440613],<=50K
726_b,[4-16],[3182-3183],"['nsw', 'vic']",[19420313-19440613],<=50K
273_b,[1-80],[3205-3728],"['nsw', 'vic']",[19390405-19450221],<=50K
456_b,[1-80],[3205-3728],"['nsw', 'vic']",[19390405-19450221],<=50K
518_b,[1-80],[3205-3728],"['nsw', 'vic']",[19390405-19450221],<=50K
946_b,[1-80],[3205-3728],"['nsw', 'vic']",[19390405-19450221],<=50K
307_b,[8-121],[3782-3850],"['qld', 'vic']",[19390405-19450321],<=50K
423_b,[8-121],[3782-3850],"['qld', 'vic']",[19390405-19450321],<=50K
609_b,[8-121],[3782-3850],"['qld', 'vic']",[19390405-19450321],>50K
728_b,[8-121],[3782-3850],"['qld', 'vic']",[19390405-19450321],<=50K
5_b,[15-29],[4169-4514],"['nsw', 'sa', 'vic']",[19360816-19461118],<=50K
9_b,[15-29],[4169-4514],"['nsw', 'sa', 'vic']",[19360816-19461118],>50K
68_b,[15-29],[4169-4514],"['nsw', 'sa', 'vic']",[19360816-19461118],>50K
331_b,[15-29],[4169-4514],"['nsw', 'sa', 'vic']",[19360816-19461118],<=50K
104_b,[3-40],[3977-4220],"['nsw', 'vic']",[19401025-19451005],>50K
447_b,[3-40],[3977-4220],"['nsw', 'vic']",[19401025-19451005],<=50K
454_b,[3-40],[3977-4220],"['nsw', 'vic']",[19401025-19451005],<=50K
861_b,[3-40],[3977-4220],"['nsw', 'vic']",[19401025-19451005],<=50K
248_b,[6-58],[4122-4213],"['nsw', 'qld']",[19400316-19420210],<=50K
444_b,[6-58],[4122-4213],"['nsw', 'qld']",[19400316-19420210],<=50K
478_b,[6-58],[4122-4213],"['nsw', 'qld']",[19400316-19420210],<=50K
801_b,[6-58],[4122-4213],"['nsw', 'qld']",[19400316-19420210],>50K
308_b,[61-81],[4226-4350],['vic'],[19460712-19461101],<=50K
448_b,[61-81],[4226-4350],['vic'],[19460712-19461101],<=50K
776_b,[61-81],[4226-4350],['vic'],[19460712-19461101],<=50K
30_b,[2-172],[4551-6233],"['nsw', 'qld', 'vic', 'vid']",[19370501-19390210],<=50K
190_b,[2-172],[4551-6233],"['nsw', 'qld', 'vic', 'vid']",[19370501-19390210],>50K
341_b,[2-172],[4551-6233],"['nsw', 'qld', 'vic', 'vid']",[19370501-19390210],<=50K
941_b,[2-172],[4551-6233],"['nsw', 'qld', 'vic', 'vid']",[19370501-19390210],<=50K
228_b,[4-86],[5558-7053],"['nsw', 'qld', 'sa']",[19361127-19380905],<=50K
335_b,[4-86],[5558-7053],"['nsw', 'qld', 'sa']",[19361127-19380905],<=50K
348_b,[4-86],[5558-7053],"['nsw', 'qld', 'sa']",[19361127-19380905],<=50K
702_b,[4-86],[5558-7053],"['nsw', 'qld', 'sa']",[19361127-19380905],<=50K
73_b,[1-48],[4573-6208],"['nsw', 'vic', 'wa']",[19400329-19410622],<=50K
357_b,[1-48],[4573-6208],"['nsw', 'vic', 'wa']",[19400329-19410622],>50K
682_b,[1-48],[4573-6208],"['nsw', 'vic', 'wa']",[19400329-19410622],<=50K
887_b,[1-48],[4573-6208],"['nsw', 'vic', 'wa']",[19400329-19410622],<=50K
256_b,[1-47],[5044-6030],"['nsw', 'vic', 'wa']",[19411222-19421102],<=50K
446_b,[1-47],[5044-6030],"['nsw', 'vic', 'wa']",[19411222-19421102],<=50K
710_b,[1-47],[5044-6030],"['nsw', 'vic', 'wa']",[19411222-19421102],>50K
912_b,[1-47],[5044-6030],"['nsw', 'vic', 'wa']",[19411222-19421102],<=50K
79_b,[2-18],[5075-6450],"['nsw', 'vic', 'wa']",[19441213-19461029],<=50K
586_b,[2-18],[5075-6450],"['nsw', 'vic', 'wa']",[19441213-19461029],<=50K
701_b,[2-18],[5075-6450],"['nsw', 'vic', 'wa']",[19441213-19461029],>50K
877_b,[2-18],[5075-6450],"['nsw', 'vic', 'wa']",[19441213-19461029],<=50K
905_b,[2-18],[5075-6450],"['nsw', 'vic', 'wa']",[19441213-19461029],<=50K
106_b,[22-24],[4837-5690],"['msw', 'nsw', 'qld']",[19430818-19460420],<=50K
562_b,[22-24],[4837-5690],"['msw', 'nsw', 'qld']",[19430818-19460420],<=50K
876_b,[22-24],[4837-5690],"['msw', 'nsw', 'qld']",[19430818-19460420],<=50K
93_b,[4-304],[4670-6525],"['nsw', 'sa']",[19440720-19470715],<=50K
189_b,[4-304],[4670-6525],"['nsw', 'sa']",[19440720-19470715],>50K
531_b,[4-304],[4670-6525],"['nsw', 'sa']",[19440720-19470715],>50K
592_b,[4-304],[4670-6525],"['nsw', 'sa']",[19440720-19470715],<=50K
418_b,[8-68],[5051-5068],"['qld', 'sa']",[19421210-19440808],<=50K
674_b,[8-68],[5051-5068],"['qld', 'sa']",[19421210-19440808],<=50K
988_b,[8-68],[5051-5068],"['qld', 'sa']",[19421210-19440808],<=50K
193_b,[12-19],[2092-2161],"['nsw', 'vic']",[19470908-19501119],<=50K
279_b,[12-19],[2092-2161],"['nsw', 'vic']",[19470908-19501119],>50K
422_b,[12-19],[2092-2161],"['nsw', 'vic']",[19470908-19501119],>50K
743_b,[12-19],[2092-2161],"['nsw', 'vic']",[19470908-19501119],<=50K
76_b,[32-65],[2038-2576],"['act', 'nsw', 'qld', 'sa']",[19480425-19510715],<=50K
240_b,[32-65],[2038-2576],"['act', 'nsw', 'qld', 'sa']",[19480425-19510715],<=50K
330_b,[32-65],[2038-2576],"['act', 'nsw', 'qld', 'sa']",[19480425-19510715],<=50K
996_b,[32-65],[2038-2576],"['act', 'nsw', 'qld', 'sa']",[19480425-19510715],<=50K
62_b,[12-16],[2106-2222],"['nsw', 'wa']",[19520401-19540515],>50K
141_b,[12-16],[2106-2222],"['nsw', 'wa']",[19520401-19540515],>50K
612_b,[12-16],[2106-2222],"['nsw', 'wa']",[19520401-19540515],<=50K
967_b,[12-16],[2106-2222],"['nsw', 'wa']",[19520401-19540515],<=50K
1_b,[17-68],[2038-2570],"['nsw', 'vic', 'vix']",[19510906-19530505],<=50K
140_b,[17-68],[2038-2570],"['nsw', 'vic', 'vix']",[19510906-19530505],>50K
158_b,[17-68],[2038-2570],"['nsw', 'vic', 'vix']",[19510906-19530505],<=50K
564_b,[17-68],[2038-2570],"['nsw', 'vic', 'vix']",[19510906-19530505],<=50K
12_b,[25-221],[2065-2199],"['sa', 'vic']",[19540826-19620521],<=50K
101_b,[25-221],[2065-2199],"['sa', 'vic']",[19540826-19620521],>50K
530_b,[25-221],[2065-2199],"['sa', 'vic']",[19540826-19620521],<=50K
785_b,[25-221],[2065-2199],"['sa', 'vic']",[19540826-19620521],>50K
319_b,[3-89],[2135-2147],"['nsw', 'sa', 'wa']",[19570201-19610102],<=50K
394_b,[3-89],[2135-2147],"['nsw', 'sa', 'wa']",[19570201-19610102],<=50K
483_b,[3-89],[2135-2147],"['nsw', 'sa', 'wa']",[19570201-19610102],<=50K
959_b,[3-89],[2135-2147],"['nsw', 'sa', 'wa']",[19570201-19610102],<=50K
136_b,[15-25],[2208-2210],"['nsw', 'qld']",[19561117-19601231],<=50K
237_b,[15-25],[2208-2210],"['nsw', 'qld']",[19561117-19601231],<=50K
602_b,[15-25],[2208-2210],"['nsw', 'qld']",[19561117-19601231],<=50K
968_b,[15-25],[2208-2210],"['nsw', 'qld']",[19561117-19601231],<=50K
144_b,[27-87],[2233-2536],"['nsw', 'vic']",[19550203-19620207],<=50K
458_b,[27-87],[2233-2536],"['nsw', 'vic']",[19550203-19620207],<=50K
659_b,[27-87],[2233-2536],"['nsw', 'vic']",[19550203-19620207],<=50K
727_b,[27-87],[2233-2536],"['nsw', 'vic']",[19550203-19620207],<=50K
230_b,[10-14],[2615-2835],"['nsw', 'qld', 'vic']",[19501111-19590829],<=50K
552_b,[10-14],[2615-2835],"['nsw', 'qld', 'vic']",[19501111-19590829],<=50K
578_b,[10-14],[2615-2835],"['nsw', 'qld', 'vic']",[19501111-19590829],<=50K
733_b,[10-14],[2615-2835],"['nsw', 'qld', 'vic']",[19501111-19590829],<=50K
914_b,[10-14],[2615-2835],"['nsw', 'qld', 'vic']",[19501111-19590829],<=50K
40_b,[2-19],[2604-2763],"['nsw', 'vic']",[19480101-19560823],>50K
700_b,[2-19],[2604-2763],"['nsw', 'vic']",[19480101-19560823],>50K
799_b,[2-19],[2604-2763],"['nsw', 'vic']",[19480101-19560823],>50K
804_b,[2-19],[2604-2763],"['nsw', 'vic']",[19480101-19560823],<=50K
21_b,[3-34],[2594-2851],"['nsw', 'qld', 'vic']",[19510713-19610622],<=50K
176_b,[3-34],[2594-2851],"['nsw', 'qld', 'vic']",[19510713-19610622],<=50K
250_b,[3-34],[2594-2851],"['nsw', 'qld', 'vic']",[19510713-19610622],>50K
669_b,[3-34],[2594-2851],"['nsw', 'qld', 'vic']",[19510713-19610622],>50K
121_b,[8-58],[2680-2834],"['qld', 'sa', 'wa']",[19481101-19550621],>50K
135_b,[8-58],[2680-2834],"['qld', 'sa', 'wa']",[19481101-19550621],<=50K
605_b,[8-58],[2680-2834],"['qld', 'sa', 'wa']",[19481101-19550621],<=50K
167_b,[2-47],[3011-3095],"['nsw', 'vic']",[19550812-19580116],<=50K
556_b,[2-47],[3011-3095],"['nsw', 'vic']",[19550812-19580116],<=50K
570_b,[2-47],[3011-3095],"['nsw', 'vic']",[19550812-19580116],<=50K
722_b,[2-47],[3011-3095],"['nsw', 'vic']",[19550812-19580116],>50K
952_b,[2-47],[3011-3095],"['nsw', 'vic']",[19550812-19580116],<=50K
148_b,[4-545],[3135-3138],"['nsw', 'qld']",[19541005-19610313],<=50K
388_b,[4-545],[3135-3138],"['nsw', 'qld']",[19541005-19610313],>50K
880_b,[4-545],[3135-3138],"['nsw', 'qld']",[19541005-19610313],<=50K
102_b,[4-582],[3147-3196],"['nsw', 'sa']",[19521130-19541004],>50K
153_b,[4-582],[3147-3196],"['nsw', 'sa']",[19521130-19541004],<=50K
632_b,[4-582],[3147-3196],"['nsw', 'sa']",[19521130-19541004],<=50K
775_b,[4-582],[3147-3196],"['nsw', 'sa']",[19521130-19541004],<=50K
352_b,[4-14],[3188-3199],"['qld', 'sa']",[19550309-19580101],<=50K
608_b,[4-14],[3188-3199],"['qld', 'sa']",[19550309-19580101],<=50K
925_b,[4-14],[3188-3199],"['qld', 'sa']",[19550309-19580101],<=50K
287_b,[2-21],[4006-4064],"['sa', 'tas', 'vic']",[19540205-19601115],<=50K
631_b,[2-21],[4006-4064],"['sa', 'tas', 'vic']",[19540205-19601115],<=50K
838_b,[2-21],[4006-4064],"['sa', 'tas', 'vic']",[19540205-19601115],<=50K
913_b,[2-21],[4006-4064],"['sa', 'tas', 'vic']",[19540205-19601115],>50K
294_b,[3-351],[3201-4061],"['nsw', 'sa', 'vic']",[19470901-19601115],<=50K
300_b,[3-351],[3201-4061],"['nsw', 'sa', 'vic']",[19470901-19601115],<=50K
553_b,[3-351],[3201-4061],"['nsw', 'sa', 'vic']",[19470901-19601115],>50K
639_b,[3-351],[3201-4061],"['nsw', 'sa', 'vic']",[19470901-19601115],<=50K
161_b,[5-44],[3282-4066],"['qld', 'vic', 'wa']",[19500420-19510826],>50K
305_b,[5-44],[3282-4066],"['qld', 'vic', 'wa']",[19500420-19510826],<=50K
584_b,[5-44],[3282-4066],"['qld', 'vic', 'wa']",[19500420-19510826],<=50K
847_b,[5-44],[3282-4066],"['qld', 'vic', 'wa']",[19500420-19510826],>50K
95_b,[7-86],[3630-4005],"['nsw', 'qld', 'tas']",[19490706-19610318],<=50K
295_b,[7-86],[3630-4005],"['nsw', 'qld', 'tas']",[19490706-19610318],<=50K
353_b,[7-86],[3630-4005],"['nsw', 'qld', 'tas']",[19490706-19610318],<=50K
871_b,[7-86],[3630-4005],"['nsw', 'qld', 'tas']",[19490706-19610318],>50K
286_b,[2-73],[4067-4214],"['nsw', 'vic']",[19490705-19571204],>50K
607_b,[2-73],[4067-4214],"['nsw', 'vic']",[19490705-19571204],<=50K
656_b,[2-73],[4067-4214],"['nsw', 'vic']",[19490705-19571204],<=50K
817_b,[2-73],[4067-4214],"['nsw', 'vic']",[19490705-19571204],<=50K
115_b,[17-679],[4241-4670],"['nsw', 'vic', 'wa']",[19510905-19541124],>50K
427_b,[17-679],[4241-4670],"['nsw', 'vic', 'wa']",[19510905-19541124],<=50K
803_b,[17-679],[4241-4670],"['nsw', 'vic', 'wa']",[19510905-19541124],<=50K
991_b,[17-679],[4241-4670],"['nsw', 'vic', 'wa']",[19510905-19541124],<=50K
202_b,[20-159],[4218-4510],"['nsw', 'sic']",[19580212-19600814],<=50K
374_b,[20-159],[4218-4510],"['nsw', 'sic']",[19580212-19600814],>50K
440_b,[20-159],[4218-4510],"['nsw', 'sic']",[19580212-19600814],<=50K
849_b,[20-159],[4218-4510],"['nsw', 'sic']",[19580212-19600814],<=50K
80_b,[9-34],[4575-4670],"['nsw', 'sa']",[19600502-19620420],>50K
687_b,[9-34],[4575-4670],"['nsw', 'sa']",[19600502-19620420],<=50K
979_b,[9-34],[4575-4670],"['nsw', 'sa']",[19600502-19620420],<=50K
36_b,[11-14],[4740-4868],"['nsw', 'sa', 'vic']",[19501114-19590328],<=50K
155_b,[11-14],[4740-4868],"['nsw', 'sa', 'vic']",[19501114-19590328],>50K
515_b,[11-14],[4740-4868],"['nsw', 'sa', 'vic']",[19501114-19590328],<=50K
788_b,[11-14],[4740-4868],"['nsw', 'sa', 'vic']",[19501114-19590328],<=50K
815_b,[11-14],[4740-4868],"['nsw', 'sa', 'vic']",[19501114-19590328],<=50K
378_b,[5-378],[4740-5039],"['nsw', 'qld', 'tas']",[19480518-19590328],<=50K
617_b,[5-378],[4740-5039],"['nsw', 'qld', 'tas']",[19480518-19590328],<=50K
672_b,[5-378],[4740-5039],"['nsw', 'qld', 'tas']",[19480518-19590328],>50K
897_b,[5-378],[4740-5039],"['nsw', 'qld', 'tas']",[19480518-19590328],>50K
132_b,[1-378],[5049-5109],"['tas', 'vic']",[19480518-19610916],<=50K
545_b,[1-378],[5049-5109],"['tas', 'vic']",[19480518-19610916],<=50K
756_b,[1-378],[5049-5109],"['tas', 'vic']",[19480518-19610916],<=50K
793_b,[1-378],[5049-5109],"['tas', 'vic']",[19480518-19610916],<=50K
37_b,[5-36],[5290-5540],"['qld', 'vic']",[19510103-19531201],<=50K
620_b,[5-36],[5290-5540],"['qld', 'vic']",[19510103-19531201],<=50K
860_b,[5-36],[5290-5540],"['qld', 'vic']",[19510103-19531201],<=50K
90_b,[15-101],[6026-6210],"['nsw', 'sa', 'sk', 'vic']",[19490615-19611221],<=50K
311_b,[15-101],[6026-6210],"['nsw', 'sa', 'sk', 'vic']",[19490615-19611221],<=50K
360_b,[15-101],[6026-6210],"['nsw', 'sa', 'sk', 'vic']",[19490615-19611221],<=50K
736_b,[15-101],[6026-6210],"['nsw', 'sa', 'sk', 'vic']",[19490615-19611221],<=50K
166_b,[4-57],[6056-6210],"['nsw', 'tas', 'wa']",[19480129-19590205],<=50K
174_b,[4-57],[6056-6210],"['nsw', 'tas', 'wa']",[19480129-19590205],<=50K
293_b,[4-57],[6056-6210],"['nsw', 'tas', 'wa']",[19480129-19590205],>50K
571_b,[4-57],[6056-6210],"['nsw', 'tas', 'wa']",[19480129-19590205],<=50K
247_b,[4-95],[6302-7173],"['nsw', 'qld', 'vic']",[19480413-19550519],<=50K
406_b,[4-95],[6302-7173],"['nsw', 'qld', 'vic']",[19480413-19550519],<=50K
497_b,[4-95],[6302-7173],"['nsw', 'qld', 'vic']",[19480413-19550519],>50K
888_b,[4-95],[6302-7173],"['nsw', 'qld', 'vic']",[19480413-19550519],<=50K
116_b,[5-639],[7250-7320],"['qld', 'sa', 'vic']",[19480423-19560926],<=50K
125_b,[5-639],[7250-7320],"['qld', 'sa', 'vic']",[19480423-19560926],<=50K
455_b,[5-639],[7250-7320],"['qld', 'sa', 'vic']",[19480423-19560926],<=50K
107_b,[1-17],[1245-2204],"['tas', 'vic']",[19690824-19730903],<=50K
263_b,[1-17],[1245-2204],"['tas', 'vic']",[19690824-19730903],<=50K
346_b,[1-17],[1245-2204],"['tas', 'vic']",[19690824-19730903],<=50K
470_b,[1-17],[1245-2204],"['tas', 'vic']",[19690824-19730903],<=50K
768_b,[1-17],[1245-2204],"['tas', 'vic']",[19690824-19730903],>50K
296_b,[21-251],[2038-2229],"['nsw', 'qld']",[19631227-19690906],>50K
373_b,[21-251],[2038-2229],"['nsw', 'qld']",[19631227-19690906],<=50K
583_b,[21-251],[2038-2229],"['nsw', 'qld']",[19631227-19690906],<=50K
759_b,[21-251],[2038-2229],"['nsw', 'qld']",[19631227-19690906],>50K
78_b,[6-91],[2075-2208],"['nsw', 'vic']",[19631104-19690127],<=50K
309_b,[6-91],[2075-2208],"['nsw', 'vic']",[19631104-19690127],>50K
689_b,[6-91],[2075-2208],"['nsw', 'vic']",[19631104-19690127],<=50K
820_b,[6-91],[2075-2208],"['nsw', 'vic']",[19631104-19690127],<=50K
203_b,[7-63],[2014-2226],"['nsw', 'qld', 'vic']",[19690329-19691102],<=50K
485_b,[7-63],[2014-2226],"['nsw', 'qld', 'vic']",[19690329-19691102],<=50K
784_b,[7-63],[2014-2226],"['nsw', 'qld', 'vic']",[19690329-19691102],<=50K
809_b,[7-63],[2014-2226],"['nsw', 'qld', 'vic']",[19690329-19691102],<=50K
441_b,[16-220],[2290-2340],"['nsw', 'qld']",[19620826-19641221],<=50K
587_b,[16-220],[2290-2340],"['nsw', 'qld']",[19620826-19641221],<=50K
591_b,[16-220],[2290-2340],"['nsw', 'qld']",[19620826-19641221],<=50K
953_b,[16-220],[2290-2340],"['nsw', 'qld']",[19620826-19641221],>50K
46_b,[11-24],[2430-2484],"['nsw', 'wa']",[19621226-19650317],<=50K
525_b,[11-24],[2430-2484],"['nsw', 'wa']",[19621226-19650317],<=50K
703_b,[11-24],[2430-2484],"['nsw', 'wa']",[19621226-19650317],<=50K
927_b,[11-24],[2430-2484],"['nsw', 'wa']",[19621226-19650317],<=50K
188_b,[26-32],[2250-2450],"['nsw', 'nt', 'sa', 'vic']",[19640311-19730628],<=50K
280_b,[26-32],[2250-2450],"['nsw', 'nt', 'sa', 'vic']",[19640311-19730628],>50K
324_b,[26-32],[2250-2450],"['nsw', 'nt', 'sa', 'vic']",[19640311-19730628],<=50K
606_b,[26-32],[2250-2450],"['nsw', 'nt', 'sa', 'vic']",[19640311-19730628],<=50K
175_b,[38-530],[2260-2477],"['sa', 'vic', 'wa']",[19630307-19740903],>50K
396_b,[38-530],[2260-2477],"['sa', 'vic', 'wa']",[19630307-19740903],<=50K
675_b,[38-530],[2260-2477],"['sa', 'vic', 'wa']",[19630307-19740903],<=50K
770_b,[38-530],[2260-2477],"['sa', 'vic', 'wa']",[19630307-19740903],>50K
383_b,[4-23],[2528-2537],"['nsw', 'wa']",[19670119-19700416],<=50K
468_b,[4-23],[2528-2537],"['nsw', 'wa']",[19670119-19700416],<=50K
757_b,[4-23],[2528-2537],"['nsw', 'wa']",[19670119-19700416],<=50K
814_b,[4-23],[2528-2537],"['nsw', 'wa']",[19670119-19700416],<=50K
381_b,[15-335],[2556-2577],"['nsw', 'sa']",[19621123-19711319],<=50K
663_b,[15-335],[2556-2577],"['nsw', 'sa']",[19621123-19711319],<=50K
741_b,[15-335],[2556-2577],"['nsw', 'sa']",[19621123-19711319],<=50K
762_b,[15-335],[2556-2577],"['nsw', 'sa']",[19621123-19711319],<=50K
622_b,[27-181],[2578-2770],"['nsw', 'sa', 'wa']",[19651205-19680620],<=50K
653_b,[27-181],[2578-2770],"['nsw', 'sa', 'wa']",[19651205-19680620],>50K
834_b,[27-181],[2578-2770],"['nsw', 'sa', 'wa']",[19651205-19680620],<=50K
928_b,[27-181],[2578-2770],"['nsw', 'sa', 'wa']",[19651205-19680620],<=50K
267_b,[28-59],[2620-2871],['nsw'],[19640410-19700617],>50K
628_b,[28-59],[2620-2871],['nsw'],[19640410-19700617],<=50K
931_b,[28-59],[2620-2871],['nsw'],[19640410-19700617],<=50K
178_b,[1-12],[3130-3280],"['qld', 'sa', 'wa']",[19630225-19710926],<=50K
351_b,[1-12],[3130-3280],"['qld', 'sa', 'wa']",[19630225-19710926],<=50K
408_b,[1-12],[3130-3280],"['qld', 'sa', 'wa']",[19630225-19710926],<=50K
966_b,[1-12],[3130-3280],"['qld', 'sa', 'wa']",[19630225-19710926],<=50K
318_b,[24-124],[3055-3233],['nsw'],[19621215-19720728],<=50K
508_b,[24-124],[3055-3233],['nsw'],[19621215-19720728],<=50K
641_b,[24-124],[3055-3233],['nsw'],[19621215-19720728],>50K
936_b,[24-124],[3055-3233],['nsw'],[19621215-19720728],>50K
162_b,[31-352],[3053-3492],"['qld', 'sa']",[19621211-19670320],<=50K
329_b,[31-352],[3053-3492],"['qld', 'sa']",[19621211-19670320],<=50K
576_b,[31-352],[3053-3492],"['qld', 'sa']",[19621211-19670320],>50K
771_b,[31-352],[3053-3492],"['qld', 'sa']",[19621211-19670320],>50K
354_b,[70-92],[3030-3056],"['act', 'nsw']",[19700526-19700807],<=50K
561_b,[70-92],[3030-3056],"['act', 'nsw']",[19700526-19700807],<=50K
773_b,[70-92],[3030-3056],"['act', 'nsw']",[19700526-19700807],<=50K
20_b,[1-113],[3501-3630],"['nsw', 'vic', 'wa']",[19650120-19670273],<=50K
235_b,[1-113],[3501-3630],"['nsw', 'vic', 'wa']",[19650120-19670273],<=50K
614_b,[1-113],[3501-3630],"['nsw', 'vic', 'wa']",[19650120-19670273],>50K
795_b,[1-113],[3501-3630],"['nsw', 'vic', 'wa']",[19650120-19670273],<=50K
924_b,[1-113],[3501-3630],"['nsw', 'vic', 'wa']",[19650120-19670273],<=50K
338_b,[20-40],[3500-3757],"['qld', 'wa']",[19670914-19730509],<=50K
532_b,[20-40],[3500-3757],"['qld', 'wa']",[19670914-19730509],<=50K
719_b,[20-40],[3500-3757],"['qld', 'wa']",[19670914-19730509],>50K
833_b,[20-40],[3500-3757],"['qld', 'wa']",[19670914-19730509],>50K
960_b,[20-40],[3500-3757],"['qld', 'wa']",[19670914-19730509],<=50K
224_b,[15-45],[3803-4077],"['act', 'nsw', 'vic']",[19650804-19731016],<=50K
469_b,[15-45],[3803-4077],"['act', 'nsw', 'vic']",[19650804-19731016],<=50K
707_b,[15-45],[3803-4077],"['act', 'nsw', 'vic']",[19650804-19731016],>50K
825_b,[15-45],[3803-4077],"['act', 'nsw', 'vic']",[19650804-19731016],<=50K
262_b,[5-74],[3803-4020],"['act', 'vci', 'wa']",[19640105-19731016],<=50K
479_b,[5-74],[3803-4020],"['act', 'vci', 'wa']",[19640105-19731016],<=50K
495_b,[5-74],[3803-4020],"['act', 'vci', 'wa']",[19640105-19731016],<=50K
361_b,[2-18],[4109-4215],"['nsw', 'sa', 'vic']",[19620602-19721204],<=50K
410_b,[2-18],[4109-4215],"['nsw', 'sa', 'vic']",[19620602-19721204],<=50K
443_b,[2-18],[4109-4215],"['nsw', 'sa', 'vic']",[19620602-19721204],<=50K
852_b,[2-18],[4109-4215],"['nsw', 'sa', 'vic']",[19620602-19721204],<=50K
516_b,[27-317],[4163-4558],['nsw'],[19680428-19731030],<=50K
654_b,[27-317],[4163-4558],['nsw'],[19680428-19731030],<=50K
940_b,[27-317],[4163-4558],['nsw'],[19680428-19731030],>50K
213_b,[37-575],[4103-4215],"['nsw', 'sa', 'wa']",[19631011-19721204],<=50K
496_b,[37-575],[4103-4215],"['nsw', 'sa', 'wa']",[19631011-19721204],>50K
783_b,[37-575],[4103-4215],"['nsw', 'sa', 'wa']",[19631011-19721204],<=50K
915_b,[37-575],[4103-4215],"['nsw', 'sa', 'wa']",[19631011-19721204],<=50K
74_b,[8-42],[4487-4490],"['sa', 'wa']",[19650607-19701002],<=50K
658_b,[8-42],[4487-4490],"['sa', 'wa']",[19650607-19701002],>50K
742_b,[8-42],[4487-4490],"['sa', 'wa']",[19650607-19701002],<=50K
595_b,[12-23],[4573-4753],['vic'],[19690425-19721029],>50K
599_b,[12-23],[4573-4753],['vic'],[19690425-19721029],<=50K
731_b,[12-23],[4573-4753],['vic'],[19690425-19721029],<=50K
796_b,[12-23],[4573-4753],['vic'],[19690425-19721029],>50K
340_b,[32-86],[4655-4740],"['nsw', 'vic']",[19671125-19700225],<=50K
365_b,[32-86],[4655-4740],"['nsw', 'vic']",[19671125-19700225],<=50K
750_b,[32-86],[4655-4740],"['nsw', 'vic']",[19671125-19700225],>50K
900_b,[32-86],[4655-4740],"['nsw', 'vic']",[19671125-19700225],>50K
538_b,[1-12],[4818-5084],"['nt', 'qld']",[19621027-19651211],<=50K
580_b,[1-12],[4818-5084],"['nt', 'qld']",[19621027-19651211],<=50K
735_b,[1-12],[4818-5084],"['nt', 'qld']",[19621027-19651211],<=50K
883_b,[1-12],[4818-5084],"['nt', 'qld']",[19621027-19651211],<=50K
43_b,[9-85],[4880-5098],"['nsw', 'vic']",[19640224-19740815],<=50K
100_b,[9-85],[4880-5098],"['nsw', 'vic']",[19640224-19740815],<=50K
199_b,[9-85],[4880-5098],"['nsw', 'vic']",[19640224-19740815],<=50K
375_b,[9-85],[4880-5098],"['nsw', 'vic']",[19640224-19740815],<=50K
430_b,[16-32],[5126-5167],"['qld', 'sa']",[19670425-19710527],>50K
549_b,[16-32],[5126-5167],"['qld', 'sa']",[19670425-19710527],<=50K
978_b,[16-32],[5126-5167],"['qld', 'sa']",[19670425-19710527],<=50K
980_b,[16-32],[5126-5167],"['qld', 'sa']",[19670425-19710527],<=50K
47_b,[10-39],[5198-5604],"['qld', 'sa', 'wa']",[19621116-19690807],>50K
111_b,[10-39],[5198-5604],"['qld', 'sa', 'wa']",[19621116-19690807],<=50K
535_b,[10-39],[5198-5604],"['qld', 'sa', 'wa']",[19621116-19690807],<=50K
898_b,[10-39],[5198-5604],"['qld', 'sa', 'wa']",[19621116-19690807],<=50K
281_b,[2-34],[6210-6560],"['nsw', 'qld', 'vic']",[19681012-19720613],>50K
342_b,[2-34],[6210-6560],"['nsw', 'qld', 'vic']",[19681012-19720613],<=50K
594_b,[2-34],[6210-6560],"['nsw', 'qld', 'vic']",[19681012-19720613],>50K
715_b,[2-34],[6210-6560],"['nsw', 'qld', 'vic']",[19681012-19720613],<=50K
206_b,[7-46],[6169-7250],['qld'],[19660326-19670715],<=50K
651_b,[7-46],[6169-7250],['qld'],[19660326-19670715],<=50K
829_b,[7-46],[6169-7250],['qld'],[19660326-19670715],<=50K
221_b,[2-293],[2035-2257],"['nsw', 'vic']",[19760319-19780324],<=50K
236_b,[2-293],[2035-2257],"['nsw', 'vic']",[19760319-19780324],<=50K
425_b,[2-293],[2035-2257],"['nsw', 'vic']",[19760319-19780324],<=50K
857_b,[2-293],[2035-2257],"['nsw', 'vic']",[19760319-19780324],>50K
926_b,[2-293],[2035-2257],"['nsw', 'vic']",[19760319-19780324],<=50K
19_b,[9-86],[2000-2248],"['nsw', 'vic']",[19760319-19770129],<=50K
500_b,[9-86],[2000-2248],"['nsw', 'vic']",[19760319-19770129],<=50K
749_b,[9-86],[2000-2248],"['nsw', 'vic']",[19760319-19770129],<=50K
195_b,[5-86],[2428-2540],"['nt', 'sa', 'vic']",[19750104-19760618],<=50K
426_b,[5-86],[2428-2540],"['nt', 'sa', 'vic']",[19750104-19760618],<=50K
644_b,[5-86],[2428-2540],"['nt', 'sa', 'vic']",[19750104-19760618],>50K
865_b,[5-86],[2428-2540],"['nt', 'sa', 'vic']",[19750104-19760618],>50K
129_b,[7-12],[2428-2575],['vic'],[19760830-19790705],<=50K
159_b,[7-12],[2428-2575],['vic'],[19760830-19790705],<=50K
678_b,[7-12],[2428-2575],['vic'],[19760830-19790705],<=50K
772_b,[7-12],[2428-2575],['vic'],[19760830-19790705],<=50K
98_b,[7-48],[2765-3043],"['nsw', 'sa']",[19750509-19800101],<=50K
168_b,[7-48],[2765-3043],"['nsw', 'sa']",[19750509-19800101],<=50K
477_b,[7-48],[2765-3043],"['nsw', 'sa']",[19750509-19800101],>50K
779_b,[7-48],[2765-3043],"['nsw', 'sa']",[19750509-19800101],>50K
837_b,[7-48],[2765-3043],"['nsw', 'sa']",[19750509-19800101],>50K
163_b,[7-42],[3078-3150],"['nsw', 'qld']",[19780603-19800509],>50K
624_b,[7-42],[3078-3150],"['nsw', 'qld']",[19780603-19800509],<=50K
662_b,[7-42],[3078-3150],"['nsw', 'qld']",[19780603-19800509],<=50K
819_b,[7-42],[3078-3150],"['nsw', 'qld']",[19780603-19800509],<=50K
951_b,[7-42],[3078-3150],"['nsw', 'qld']",[19780603-19800509],<=50K
39_b,[103-159],[3191-3284],"['nsw', 'vic']",[19770224-19790913],<=50K
364_b,[103-159],[3191-3284],"['nsw', 'vic']",[19770224-19790913],<=50K
721_b,[103-159],[3191-3284],"['nsw', 'vic']",[19770224-19790913],>50K
211_b,[18-169],[3162-3364],"['nsw', 'vic']",[19770109-19780527],<=50K
328_b,[18-169],[3162-3364],"['nsw', 'vic']",[19770109-19780527],<=50K
333_b,[18-169],[3162-3364],"['nsw', 'vic']",[19770109-19780527],<=50K
200_b,[2-35],[2016-2570],"['qld', 'tas', 'vic']",[19810305-19820728],<=50K
274_b,[2-35],[2016-2570],"['qld', 'tas', 'vic']",[19810305-19820728],>50K
301_b,[2-35],[2016-2570],"['qld', 'tas', 'vic']",[19810305-19820728],<=50K
312_b,[2-35],[2016-2570],"['qld', 'tas', 'vic']",[19810305-19820728],>50K
137_b,[5-310],[3672-3820],['qld'],[19800728-19830111],<=50K
245_b,[5-310],[3672-3820],['qld'],[19800728-19830111],<=50K
557_b,[5-310],[3672-3820],['qld'],[19800728-19830111],<=50K
758_b,[5-310],[3672-3820],['qld'],[19800728-19830111],<=50K
371_b,[57-562],[2133-3910],"['nsw', 'qld', 'wa']",[19800810-19820831],<=50K
505_b,[57-562],[2133-3910],"['nsw', 'qld', 'wa']",[19800810-19820831],<=50K
709_b,[57-562],[2133-3910],"['nsw', 'qld', 'wa']",[19800810-19820831],<=50K
723_b,[57-562],[2133-3910],"['nsw', 'qld', 'wa']",[19800810-19820831],<=50K
317_b,[72-840],[2643-3177],"['nsw', 'ss']",[19811201-19830807],<=50K
405_b,[72-840],[2643-3177],"['nsw', 'ss']",[19811201-19830807],<=50K
461_b,[72-840],[2643-3177],"['nsw', 'ss']",[19811201-19830807],>50K
812_b,[72-840],[2643-3177],"['nsw', 'ss']",[19811201-19830807],<=50K
50_b,[1-120],[2287-3810],"['nsw', 'sa']",[19860415-19871019],>50K
414_b,[1-120],[2287-3810],"['nsw', 'sa']",[19860415-19871019],>50K
704_b,[1-120],[2287-3810],"['nsw', 'sa']",[19860415-19871019],>50K
718_b,[1-120],[2287-3810],"['nsw', 'sa']",[19860415-19871019],<=50K
15_b,[2-26],[2037-3130],"['tas', 'vic']",[19831019-19870429],>50K
409_b,[2-26],[2037-3130],"['tas', 'vic']",[19831019-19870429],<=50K
475_b,[2-26],[2037-3130],"['tas', 'vic']",[19831019-19870429],<=50K
574_b,[2-26],[2037-3130],"['tas', 'vic']",[19831019-19870429],>50K
326_b,[32-47],[2570-3148],"['nsw', 'qld', 'vic']",[19831227-19860413],>50K
402_b,[32-47],[2570-3148],"['nsw', 'qld', 'vic']",[19831227-19860413],>50K
856_b,[32-47],[2570-3148],"['nsw', 'qld', 'vic']",[19831227-19860413],>50K
985_b,[32-47],[2570-3148],"['nsw', 'qld', 'vic']",[19831227-19860413],<=50K
165_b,[6-8],[2062-2750],"['nsw', 'qld']",[19860416-19871116],<=50K
390_b,[6-8],[2062-2750],"['nsw', 'qld']",[19860416-19871116],<=50K
832_b,[6-8],[2062-2750],"['nsw', 'qld']",[19860416-19871116],<=50K
58_b,[2-218],[3943-4030],"['nsw', 'vic']",[19840516-19860113],>50K
560_b,[2-218],[3943-4030],"['nsw', 'vic']",[19840516-19860113],<=50K
917_b,[2-218],[3943-4030],"['nsw', 'vic']",[19840516-19860113],>50K
972_b,[2-218],[3943-4030],"['nsw', 'vic']",[19840516-19860113],<=50K
83_b,[45-64],[3914-4059],"['nsw', 'sa']",[19760409-19761107],<=50K
377_b,[45-64],[3914-4059],"['nsw', 'sa']",[19760409-19761107],<=50K
738_b,[45-64],[3914-4059],"['nsw', 'sa']",[19760409-19761107],<=50K
920_b,[45-64],[3914-4059],"['nsw', 'sa']",[19760409-19761107],>50K
145_b,[9-46],[4069-4109],['vic'],[19770403-19860102],<=50K
526_b,[9-46],[4069-4109],['vic'],[19770403-19860102],<=50K
546_b,[9-46],[4069-4109],['vic'],[19770403-19860102],<=50K
906_b,[9-46],[4069-4109],['vic'],[19770403-19860102],<=50K
986_b,[9-46],[4069-4109],['vic'],[19770403-19860102],<=50K
259_b,[24-25],[4125-4164],"['qld', 'wa']",[19860411-19860610],<=50K
439_b,[24-25],[4125-4164],"['qld', 'wa']",[19860411-19860610],<=50K
948_b,[24-25],[4125-4164],"['qld', 'wa']",[19860411-19860610],<=50K
92_b,[4-93],[4178-4221],"['act', 'qld', 'vic']",[19740918-19860331],<=50K
572_b,[4-93],[4178-4221],"['act', 'qld', 'vic']",[19740918-19860331],<=50K
657_b,[4-93],[4178-4221],"['act', 'qld', 'vic']",[19740918-19860331],<=50K
744_b,[4-93],[4178-4221],"['act', 'qld', 'vic']",[19740918-19860331],>50K
52_b,[47-90],[4301-4370],"['nsw', 'sa']",[19750202-19800116],<=50K
291_b,[47-90],[4301-4370],"['nsw', 'sa']",[19750202-19800116],<=50K
615_b,[47-90],[4301-4370],"['nsw', 'sa']",[19750202-19800116],<=50K
638_b,[47-90],[4301-4370],"['nsw', 'sa']",[19750202-19800116],<=50K
99_b,[5-13],[4551-4814],"['nsw', 'qld', 'vic']",[19741118-19821023],<=50K
243_b,[5-13],[4551-4814],"['nsw', 'qld', 'vic']",[19741118-19821023],<=50K
438_b,[5-13],[4551-4814],"['nsw', 'qld', 'vic']",[19741118-19821023],<=50K
859_b,[5-13],[4551-4814],"['nsw', 'qld', 'vic']",[19741118-19821023],<=50K
962_b,[5-13],[4551-4814],"['nsw', 'qld', 'vic']",[19741118-19821023],<=50K
25_b,[6-59],[4505-4740],"['nsw', 'qld', 'sa']",[19750706-19791112],<=50K
133_b,[6-59],[4505-4740],"['nsw', 'qld', 'sa']",[19750706-19791112],<=50K
325_b,[6-59],[4505-4740],"['nsw', 'qld', 'sa']",[19750706-19791112],<=50K
84_b,[4-16],[4818-5032],"['nsw', 'vic']",[19741121-19840808],>50K
122_b,[4-16],[4818-5032],"['nsw', 'vic']",[19741121-19840808],<=50K
630_b,[4-16],[4818-5032],"['nsw', 'vic']",[19741121-19840808],<=50K
711_b,[4-16],[4818-5032],"['nsw', 'vic']",[19741121-19840808],>50K
69_b,[4-69],[5048-5063],"['qld', 'vic']",[19760522-19871206],>50K
412_b,[4-69],[5048-5063],"['qld', 'vic']",[19760522-19871206],<=50K
645_b,[4-69],[5048-5063],"['qld', 'vic']",[19760522-19871206],<=50K
807_b,[4-69],[5048-5063],"['qld', 'vic']",[19760522-19871206],<=50K
451_b,[10-16],[5608-6019],"['act', 'nsw', 'vic']",[19760322-19841123],>50K
484_b,[10-16],[5608-6019],"['act', 'nsw', 'vic']",[19760322-19841123],<=50K
626_b,[10-16],[5608-6019],"['act', 'nsw', 'vic']",[19760322-19841123],<=50K
782_b,[10-16],[5608-6019],"['act', 'nsw', 'vic']",[19760322-19841123],<=50K
209_b,[7-31],[5172-6000],"['qld', 'tas']",[19750818-19770116],>50K
603_b,[7-31],[5172-6000],"['qld', 'tas']",[19750818-19770116],<=50K
789_b,[7-31],[5172-6000],"['qld', 'tas']",[19750818-19770116],>50K
180_b,[1-18],[6027-6401],"['nsw', 'qld', 'vic']",[19741208-19831230],<=50K
261_b,[1-18],[6027-6401],"['nsw', 'qld', 'vic']",[19741208-19831230],>50K
314_b,[1-18],[6027-6401],"['nsw', 'qld', 'vic']",[19741208-19831230],<=50K
434_b,[1-18],[6027-6401],"['nsw', 'qld', 'vic']",[19741208-19831230],<=50K
729_b,[1-18],[6027-6401],"['nsw', 'qld', 'vic']",[19741208-19831230],>50K
13_b,[7-33],[6210-6430],"['nsw', 'vic']",[19750513-19810222],>50K
529_b,[7-33],[6210-6430],"['nsw', 'vic']",[19750513-19810222],<=50K
868_b,[7-33],[6210-6430],"['nsw', 'vic']",[19750513-19810222],>50K
105_b,[10-76],[6530-7190],"['as', 'vic']",[19760629-19790821],<=50K
194_b,[10-76],[6530-7190],"['as', 'vic']",[19760629-19790821],<=50K
491_b,[10-76],[6530-7190],"['as', 'vic']",[19760629-19790821],>50K
987_b,[10-76],[6530-7190],"['as', 'vic']",[19760629-19790821],>50K
334_b,[12-61],[7216-7256],"['qld', 'vic']",[19780204-19810626],<=50K
493_b,[12-61],[7216-7256],"['qld', 'vic']",[19780204-19810626],<=50K
983_b,[12-61],[7216-7256],"['qld', 'vic']",[19780204-19810626],<=50K
48_b,[1-16],[1349-2134],"['nsw', 'qld', 'sa']",[19940504-19960904],>50K
112_b,[1-16],[1349-2134],"['nsw', 'qld', 'sa']",[19940504-19960904],<=50K
596_b,[1-16],[1349-2134],"['nsw', 'qld', 'sa']",[19940504-19960904],<=50K
921_b,[1-16],[1349-2134],"['nsw', 'qld', 'sa']",[19940504-19960904],<=50K
7_b,[19-32],[2024-2138],"['qld', 'vic']",[19900510-19961120],<=50K
22_b,[19-32],[2024-2138],"['qld', 'vic']",[19900510-19961120],<=50K
487_b,[19-32],[2024-2138],"['qld', 'vic']",[19900510-19961120],<=50K
797_b,[19-32],[2024-2138],"['qld', 'vic']",[19900510-19961120],>50K
2_b,[4-44],[2000-2076],"['qld', 'sa']",[19880516-19970102],<=50K
358_b,[4-44],[2000-2076],"['qld', 'sa']",[19880516-19970102],>50K
376_b,[4-44],[2000-2076],"['qld', 'sa']",[19880516-19970102],<=50K
786_b,[4-44],[2000-2076],"['qld', 'sa']",[19880516-19970102],<=50K
110_b,[5-59],[2026-2147],"['act', 'nsw', 'qld']",[19900616-19980521],<=50K
252_b,[5-59],[2026-2147],"['act', 'nsw', 'qld']",[19900616-19980521],<=50K
649_b,[5-59],[2026-2147],"['act', 'nsw', 'qld']",[19900616-19980521],<=50K
873_b,[5-59],[2026-2147],"['act', 'nsw', 'qld']",[19900616-19980521],<=50K
134_b,[8-19],[2148-2196],"['qld', 'vic', 'wa']",[19890604-19930530],>50K
302_b,[8-19],[2148-2196],"['qld', 'vic', 'wa']",[19890604-19930530],<=50K
370_b,[8-19],[2148-2196],"['qld', 'vic', 'wa']",[19890604-19930530],<=50K
437_b,[8-19],[2148-2196],"['qld', 'vic', 'wa']",[19890604-19930530],<=50K
131_b,[8-24],[2204-2295],"['qld', 'vic', 'wa']",[19911112-19970728],<=50K
171_b,[8-24],[2204-2295],"['qld', 'vic', 'wa']",[19911112-19970728],<=50K
210_b,[8-24],[2204-2295],"['qld', 'vic', 'wa']",[19911112-19970728],<=50K
292_b,[8-24],[2204-2295],"['qld', 'vic', 'wa']",[19911112-19970728],<=50K
127_b,[40-59],[2300-2428],"['act', 'nsw']",[19921231-19960110],<=50K
537_b,[40-59],[2300-2428],"['act', 'nsw']",[19921231-19960110],<=50K
813_b,[40-59],[2300-2428],"['act', 'nsw']",[19921231-19960110],>50K
903_b,[40-59],[2300-2428],"['act', 'nsw']",[19921231-19960110],<=50K
285_b,[33-358],[2440-2536],"['nsw', 'qld']",[19910111-19931007],<=50K
313_b,[33-358],[2440-2536],"['nsw', 'qld']",[19910111-19931007],<=50K
404_b,[33-358],[2440-2536],"['nsw', 'qld']",[19910111-19931007],<=50K
113_b,[1-10],[2540-2749],"['nsw', 'qld', 'vic']",[19900926-19990726],<=50K
449_b,[1-10],[2540-2749],"['nsw', 'qld', 'vic']",[19900926-19990726],<=50K
635_b,[1-10],[2540-2749],"['nsw', 'qld', 'vic']",[19900926-19990726],<=50K
886_b,[1-10],[2540-2749],"['nsw', 'qld', 'vic']",[19900926-19990726],<=50K
916_b,[1-10],[2540-2749],"['nsw', 'qld', 'vic']",[19900926-19990726],>50K
177_b,[19-123],[3023-3028],"['qld', 'vic']",[19960914-19990918],<=50K
343_b,[19-123],[3023-3028],"['qld', 'vic']",[19960914-19990918],>50K
836_b,[19-123],[3023-3028],"['qld', 'vic']",[19960914-19990918],<=50K
290_b,[22-27],[2565-2753],"['sa', 'tas', 'wa']",[19940329-19950228],<=50K
629_b,[22-27],[2565-2753],"['sa', 'tas', 'wa']",[19940329-19950228],<=50K
808_b,[22-27],[2565-2753],"['sa', 'tas', 'wa']",[19940329-19950228],>50K
842_b,[22-27],[2565-2753],"['sa', 'tas', 'wa']",[19940329-19950228],>50K
271_b,[3-35],[2565-3018],"['qld', 'sa', 'wa']",[19900716-19970331],<=50K
415_b,[3-35],[2565-3018],"['qld', 'sa', 'wa']",[19900716-19970331],<=50K
559_b,[3-35],[2565-3018],"['qld', 'sa', 'wa']",[19900716-19970331],>50K
943_b,[3-35],[2565-3018],"['qld', 'sa', 'wa']",[19900716-19970331],>50K
217_b,[1-232],[3107-3134],"['qld', 'sa']",[19901230-19990618],>50K
225_b,[1-232],[3107-3134],"['qld', 'sa']",[19901230-19990618],<=50K
411_b,[1-232],[3107-3134],"['qld', 'sa']",[19901230-19990618],<=50K
459_b,[1-232],[3107-3134],"['qld', 'sa']",[19901230-19990618],<=50K
28_b,[6-50],[3034-3132],"['nsw', 'sa']",[19901212-19991212],<=50K
44_b,[6-50],[3034-3132],"['nsw', 'sa']",[19901212-19991212],<=50K
566_b,[6-50],[3034-3132],"['nsw', 'sa']",[19901212-19991212],<=50K
774_b,[6-50],[3034-3132],"['nsw', 'sa']",[19901212-19991212],<=50K
435_b,[12-30],[3197-3280],"['nsw', 'vic']",[19960812-19991221],>50K
523_b,[12-30],[3197-3280],"['nsw', 'vic']",[19960812-19991221],<=50K
627_b,[12-30],[3197-3280],"['nsw', 'vic']",[19960812-19991221],<=50K
705_b,[12-30],[3197-3280],"['nsw', 'vic']",[19960812-19991221],<=50K
77_b,[9-72],[3158-3280],"['nsw', 'wa']",[19911129-19930218],<=50K
212_b,[9-72],[3158-3280],"['nsw', 'wa']",[19911129-19930218],<=50K
389_b,[9-72],[3158-3280],"['nsw', 'wa']",[19911129-19930218],>50K
393_b,[10-122],[6064-7310],"['qld', 'tas', 'vic']",[19901006-19931105],>50K
681_b,[10-122],[6064-7310],"['qld', 'tas', 'vic']",[19901006-19931105],>50K
697_b,[10-122],[6064-7310],"['qld', 'tas', 'vic']",[19901006-19931105],<=50K
714_b,[10-122],[6064-7310],"['qld', 'tas', 'vic']",[19901006-19931105],<=50K
839_b,[10-122],[6064-7310],"['qld', 'tas', 'vic']",[19901006-19931105],<=50K
277_b,[13-140],[5157-7184],"['nsw', 'tas', 'wa']",[19920309-19921019],<=50K
840_b,[13-140],[5157-7184],"['nsw', 'tas', 'wa']",[19920309-19921019],<=50K
929_b,[13-140],[5157-7184],"['nsw', 'tas', 'wa']",[19920309-19921019],<=50K
3_b,[2-22],[3943-4680],"['nsw', 'vic']",[19901018-19940724],<=50K
509_b,[2-22],[3943-4680],"['nsw', 'vic']",[19901018-19940724],<=50K
604_b,[2-22],[3943-4680],"['nsw', 'vic']",[19901018-19940724],>50K
894_b,[2-22],[3943-4680],"['nsw', 'vic']",[19901018-19940724],>50K
268_b,[19-199],[5109-7252],"['qld', 'sa', 'vic']",[19881210-19950831],>50K
524_b,[19-199],[5109-7252],"['qld', 'sa', 'vic']",[19881210-19950831],<=50K
828_b,[19-199],[5109-7252],"['qld', 'sa', 'vic']",[19881210-19950831],<=50K
848_b,[19-199],[5109-7252],"['qld', 'sa', 'vic']",[19881210-19950831],<=50K
55_b,[23-298],[3691-5118],"['nsw', 'sa', 'vic']",[19901001-19920302],>50K
563_b,[23-298],[3691-5118],"['nsw', 'sa', 'vic']",[19901001-19920302],<=50K
680_b,[23-298],[3691-5118],"['nsw', 'sa', 'vic']",[19901001-19920302],>50K
899_b,[23-298],[3691-5118],"['nsw', 'sa', 'vic']",[19901001-19920302],<=50K
14_b,[6-74],[3976-6168],"['nsw', 'vic', 'wa']",[19880613-19920512],<=50K
219_b,[6-74],[3976-6168],"['nsw', 'vic', 'wa']",[19880613-19920512],<=50K
818_b,[6-74],[3976-6168],"['nsw', 'vic', 'wa']",[19880613-19920512],>50K
904_b,[6-74],[3976-6168],"['nsw', 'vic', 'wa']",[19880613-19920512],>50K
540_b,[6-27],[3287-4152],"['nsw', 'sa']",[19920918-19921128],<=50K
550_b,[6-27],[3287-4152],"['nsw', 'sa']",[19920918-19921128],<=50K
843_b,[6-27],[3287-4152],"['nsw', 'sa']",[19920918-19921128],<=50K
922_b,[6-27],[3287-4152],"['nsw', 'sa']",[19920918-19921128],<=50K
61_b,[7-44],[4740-6168],"['nsw', 'qld', 'sa']",[19920611-19930529],<=50K
272_b,[7-44],[4740-6168],"['nsw', 'qld', 'sa']",[19920611-19930529],<=50K
442_b,[7-44],[4740-6168],"['nsw', 'qld', 'sa']",[19920611-19930529],<=50K
321_b,[2-123],[4106-4744],"['nsw', 'sa']",[19970623-19990501],<=50K
355_b,[2-123],[4106-4744],"['nsw', 'sa']",[19970623-19990501],>50K
647_b,[2-123],[4106-4744],"['nsw', 'sa']",[19970623-19990501],>50K
765_b,[2-123],[4106-4744],"['nsw', 'sa']",[19970623-19990501],>50K
890_b,[2-123],[4106-4744],"['nsw', 'sa']",[19970623-19990501],>50K
489_b,[3-27],[3775-3980],"['nsw', 'wa']",[19960112-19980122],<=50K
618_b,[3-27],[3775-3980],"['nsw', 'wa']",[19960112-19980122],<=50K
854_b,[3-27],[3775-3980],"['nsw', 'wa']",[19960112-19980122],<=50K
955_b,[3-27],[3775-3980],"['nsw', 'wa']",[19960112-19980122],<=50K
486_b,[5-37],[3500-3505],['nsw'],[19990408-19991017],<=50K
554_b,[5-37],[3500-3505],['nsw'],[19990408-19991017],<=50K
777_b,[5-37],[3500-3505],['nsw'],[19990408-19991017],<=50K
908_b,[5-37],[3500-3505],['nsw'],[19990408-19991017],<=50K
432_b,[75-76],[3311-3340],"['nsw', 'vic']",[19960416-19970624],<=50K
699_b,[75-76],[3311-3340],"['nsw', 'vic']",[19960416-19970624],<=50K
933_b,[75-76],[3311-3340],"['nsw', 'vic']",[19960416-19970624],<=50K
196_b,[4-32],[4805-6018],"['nsw', 'vic']",[19970829-19990829],<=50K
227_b,[4-32],[4805-6018],"['nsw', 'vic']",[19970829-19990829],>50K
276_b,[4-32],[4805-6018],"['nsw', 'vic']",[19970829-19990829],<=50K
947_b,[4-32],[4805-6018],"['nsw', 'vic']",[19970829-19990829],<=50K
332_b,[7-519],[6018-6027],"['nsw', 'sa']",[19970102-19990829],>50K
465_b,[7-519],[6018-6027],"['nsw', 'sa']",[19970102-19990829],>50K
555_b,[7-519],[6018-6027],"['nsw', 'sa']",[19970102-19990829],>50K
725_b,[7-519],[6018-6027],"['nsw', 'sa']",[19970102-19990829],>50K
32_b,[44-109],[6060-6350],"['nsw', 'vic']",[19960203-19990615],<=50K
282_b,[44-109],[6060-6350],"['nsw', 'vic']",[19960203-19990615],<=50K
407_b,[44-109],[6060-6350],"['nsw', 'vic']",[19960203-19990615],>50K
956_b,[44-109],[6060-6350],"['nsw', 'vic']",[19960203-19990615],<=50K
60_b,[22-50],[7011-7310],['qld'],[19970504-19991026],>50K
413_b,[22-50],[7011-7310],['qld'],[19970504-19991026],<=50K
760_b,[22-50],[7011-7310],['qld'],[19970504-19991026],>50K
